Facility ID,Facility Name,State,Hospital Type,Hospital Ownership,Emergency Services,Hospital overall rating
100000,SAMPLE HOSPITAL 1,SD,Acute Care Hospitals,Voluntary non-profit - Private,Yes,3
100001,SAMPLE HOSPITAL 2,IN,Acute Care Hospitals,Voluntary non-profit - Church,Yes,2
100002,SAMPLE HOSPITAL 3,AL,Acute Care Hospitals,Voluntary non-profit - Private,Yes,4
100003,SAMPLE HOSPITAL 4,RI,Acute Care Hospitals,Voluntary non-profit - Private,Yes,2
100004,SAMPLE HOSPITAL 5,OR,Acute Care Hospitals,Voluntary non-profit - Church,Yes,3
100005,SAMPLE HOSPITAL 6,HI,Acute Care Hospitals,Voluntary non-profit - Private,Yes,2
100006,SAMPLE HOSPITAL 7,HI,Acute Care Hospitals,Government - Local,Yes,2
100007,SAMPLE HOSPITAL 8,MT,Acute Care Hospitals,Voluntary non-profit - Other,No,3
100008,SAMPLE HOSPITAL 9,GA,Acute Care Hospitals,Tribal,No,3
100009,SAMPLE HOSPITAL 10,CO,Acute Care Hospitals,Voluntary non-profit - Other,No,3
100010,SAMPLE HOSPITAL 11,ND,Acute Care Hospitals,Voluntary non-profit - Private,Yes,3
100012,SAMPLE HOSPITAL 13,MS,Acute Care Hospitals,Voluntary non-profit - Private,Yes,
100013,SAMPLE HOSPITAL 14,MD,Acute Care Hospitals,Voluntary non-profit - Private,No,3
100014,SAMPLE HOSPITAL 15,OK,Acute Care Hospitals,Proprietary,Yes,1
100015,SAMPLE HOSPITAL 16,MT,Acute Care Hospitals,Voluntary non-profit - Private,Yes,3
100016,SAMPLE HOSPITAL 17,IA,Acute Care Hospitals,Government - Local,No,3
100017,SAMPLE HOSPITAL 18,KS,Acute Care Hospitals,Proprietary,Yes,3
100018,SAMPLE HOSPITAL 19,AR,Acute Care Hospitals,Voluntary non-profit - Private,Yes,4
100019,SAMPLE HOSPITAL 20,NH,Acute Care Hospitals,Voluntary non-profit - Private,No,4
100020,SAMPLE HOSPITAL 21,NY,Acute Care Hospitals,Government - Hospital District or Authority,No,2
100021,SAMPLE HOSPITAL 22,GA,Acute Care Hospitals,Voluntary non-profit - Private,No,
100022,SAMPLE HOSPITAL 23,NC,Acute Care Hospitals,Voluntary non-profit - Private,Yes,4
100023,SAMPLE HOSPITAL 24,NE,Acute Care Hospitals,Voluntary non-profit - Private,Yes,3
100024,SAMPLE HOSPITAL 25,TX,Acute Care Hospitals,Proprietary,Yes,
100025,SAMPLE HOSPITAL 26,CA,Acute Care Hospitals,Voluntary non-profit - Private,No,
100026,SAMPLE HOSPITAL 27,OH,Acute Care Hospitals,Voluntary non-profit - Private,Yes,4
100027,SAMPLE HOSPITAL 28,WV,Acute Care Hospitals,Voluntary non-profit - Private,No,1
100028,SAMPLE HOSPITAL 29,KY,Acute Care Hospitals,Voluntary non-profit - Private,No,5
100029,SAMPLE HOSPITAL 30,OK,Acute Care Hospitals,Voluntary non-profit - Private,Yes,4
100030,SAMPLE HOSPITAL 31,PA,Acute Care Hospitals,Proprietary,Yes,4
100031,SAMPLE HOSPITAL 32,MN,Critical Access Hospitals,Government - Local,Yes,3
100032,SAMPLE HOSPITAL 33,NE,Acute Care Hospitals,Government - Hospital District or Authority,Yes,3
100033,SAMPLE HOSPITAL 34,MO,Acute Care Hospitals,Government - Hospital District or Authority,Yes,3
100034,SAMPLE HOSPITAL 35,IA,Acute Care Hospitals,Physician,Yes,1
100035,SAMPLE HOSPITAL 36,PA,Acute Care Hospitals,Voluntary non-profit - Other,Yes,2
100036,SAMPLE HOSPITAL 37,KY,Acute Care Hospitals,Voluntary non-profit - Other,Yes,3
100037,SAMPLE HOSPITAL 38,SC,Acute Care Hospitals,Voluntary non-profit - Other,Yes,2
100039,SAMPLE HOSPITAL 40,NJ,Acute Care Hospitals,Proprietary,Yes,3
100040,SAMPLE HOSPITAL 41,NC,Acute Care Hospitals,Voluntary non-profit - Private,No,3
100041,SAMPLE HOSPITAL 42,SC,Acute Care Hospitals,Proprietary,Yes,5
100042,SAMPLE HOSPITAL 43,WI,Acute Care Hospitals,Government - State,Yes,3
100043,SAMPLE HOSPITAL 44,NJ,Acute Care Hospitals,Voluntary non-profit - Church,No,2
100044,SAMPLE HOSPITAL 45,OK,Acute Care Hospitals,Voluntary non-profit - Church,Yes,3
100045,SAMPLE HOSPITAL 46,LA,Acute Care Hospitals,Voluntary non-profit - Private,No,3
100046,SAMPLE HOSPITAL 47,VT,Acute Care Hospitals,Government - Hospital District or Authority,Yes,4
100047,SAMPLE HOSPITAL 48,WI,Acute Care Hospitals,Government - Hospital District or Authority,Yes,4
100048,SAMPLE HOSPITAL 49,NY,Acute Care Hospitals,Voluntary non-profit - Private,Yes,3
100049,SAMPLE HOSPITAL 50,MT,Acute Care Hospitals,Voluntary non-profit - Private,Yes,4
100050,SAMPLE HOSPITAL 51,IN,Acute Care Hospitals,Voluntary non-profit - Private,Yes,4
100051,SAMPLE HOSPITAL 52,WI,Acute Care Hospitals,Voluntary non-profit - Private,Yes,2
100052,SAMPLE HOSPITAL 53,NJ,Critical Access Hospitals,Voluntary non-profit - Private,Yes,5
100053,SAMPLE HOSPITAL 54,MD,Acute Care Hospitals,Government - Local,Yes,4
100054,SAMPLE HOSPITAL 55,CT,Acute Care Hospitals,Proprietary,Yes,3
100055,SAMPLE HOSPITAL 56,NC,Acute Care Hospitals,Voluntary non-profit - Private,Yes,3
100056,SAMPLE HOSPITAL 57,WA,Acute Care Hospitals,Voluntary non-profit - Private,Yes,2
100057,SAMPLE HOSPITAL 58,CO,Acute Care Hospitals,Voluntary non-profit - Church,Yes,3
100058,SAMPLE HOSPITAL 59,ID,Acute Care Hospitals,Voluntary non-profit - Private,Yes,4
100059,SAMPLE HOSPITAL 60,WA,Acute Care Hospitals,Voluntary non-profit - Private,Yes,3
100060,SAMPLE HOSPITAL 61,IA,Acute Care Hospitals,Voluntary non-profit - Private,No,1
100061,SAMPLE HOSPITAL 62,LA,Critical Access Hospitals,Proprietary,Yes,4
100062,SAMPLE HOSPITAL 63,IN,Acute Care Hospitals,Voluntary non-profit - Private,Yes,5
100063,SAMPLE HOSPITAL 64,AL,Acute Care Hospitals,Voluntary non-profit - Private,Yes,3
100064,SAMPLE HOSPITAL 65,OR,Acute Care Hospitals,Voluntary non-profit - Church,Yes,3
100065,SAMPLE HOSPITAL 66,GA,Acute Care Hospitals,Proprietary,Yes,2
100066,SAMPLE HOSPITAL 67,WY,Acute Care Hospitals,Government - Hospital District or Authority,Yes,3
100067,SAMPLE HOSPITAL 68,SD,Acute Care Hospitals,Voluntary non-profit - Church,No,
100068,SAMPLE HOSPITAL 69,ME,Acute Care Hospitals,Voluntary non-profit - Private,Yes,
100069,SAMPLE HOSPITAL 70,NV,Acute Care Hospitals,Government - Hospital District or Authority,Yes,4
100070,SAMPLE HOSPITAL 71,NH,Acute Care Hospitals,Voluntary non-profit - Other,Yes,2
100071,SAMPLE HOSPITAL 72,RI,Acute Care Hospitals,Voluntary non-profit - Private,Yes,3
100072,SAMPLE HOSPITAL 73,WI,Acute Care Hospitals,Voluntary non-profit - Private,Yes,2
100073,SAMPLE HOSPITAL 74,NE,Acute Care Hospitals,Government - Federal,Yes,2
100074,SAMPLE HOSPITAL 75,NJ,Critical Access Hospitals,Voluntary non-profit - Church,Yes,3
100075,SAMPLE HOSPITAL 76,IL,Acute Care Hospitals,Voluntary non-profit - Private,Yes,
100076,SAMPLE HOSPITAL 77,NH,Acute Care Hospitals,Voluntary non-profit - Private,Yes,4
100077,SAMPLE HOSPITAL 78,OK,Acute Care Hospitals,Voluntary non-profit - Church,No,3
100078,SAMPLE HOSPITAL 79,OK,Acute Care Hospitals,Government - Hospital District or Authority,No,2
100079,SAMPLE HOSPITAL 80,MI,Acute Care Hospitals,Voluntary non-profit - Private,No,3
100080,SAMPLE HOSPITAL 81,NJ,Acute Care Hospitals,Voluntary non-profit - Church,No,4
100081,SAMPLE HOSPITAL 82,MO,Acute Care Hospitals,Government - Local,Yes,4
100082,SAMPLE HOSPITAL 83,CA,Critical Access Hospitals,Government - Local,No,3
100083,SAMPLE HOSPITAL 84,MA,Acute Care Hospitals,Voluntary non-profit - Private,Yes,3
100084,SAMPLE HOSPITAL 85,NV,Acute Care Hospitals,Voluntary non-profit - Private,Yes,
100085,SAMPLE HOSPITAL 86,MS,Acute Care Hospitals,Proprietary,No,4
100086,SAMPLE HOSPITAL 87,SC,Critical Access Hospitals,Voluntary non-profit - Church,Yes,2
100088,SAMPLE HOSPITAL 89,MD,Acute Care Hospitals,Physician,No,1
100090,SAMPLE HOSPITAL 91,WY,Acute Care Hospitals,Government - Local,Yes,3
100091,SAMPLE HOSPITAL 92,SD,Acute Care Hospitals,Voluntary non-profit - Private,No,2
100092,SAMPLE HOSPITAL 93,ID,Critical Access Hospitals,Voluntary non-profit - Private,Yes,4
100093,SAMPLE HOSPITAL 94,DE,Acute Care Hospitals,Voluntary non-profit - Other,Yes,2
100094,SAMPLE HOSPITAL 95,CO,Acute Care Hospitals,Voluntary non-profit - Private,Yes,4
100095,SAMPLE HOSPITAL 96,SC,Acute Care Hospitals,Voluntary non-profit - Other,Yes,3
100096,SAMPLE HOSPITAL 97,AZ,Acute Care Hospitals,Voluntary non-profit - Private,No,4
100097,SAMPLE HOSPITAL 98,TN,Acute Care Hospitals,Voluntary non-profit - Church,Yes,
100098,SAMPLE HOSPITAL 99,MS,Acute Care Hospitals,Voluntary non-profit - Private,Yes,2
100099,SAMPLE HOSPITAL 100,NJ,Acute Care Hospitals,Tribal,Yes,
100101,SAMPLE HOSPITAL 102,FL,Acute Care Hospitals,Government - Hospital District or Authority,Yes,2
100102,SAMPLE HOSPITAL 103,AK,Acute Care Hospitals,Voluntary non-profit - Private,Yes,1
100103,SAMPLE HOSPITAL 104,SC,Critical Access Hospitals,Voluntary non-profit - Private,No,2
100104,SAMPLE HOSPITAL 105,MT,Acute Care Hospitals,Proprietary,Yes,2
100105,SAMPLE HOSPITAL 106,MO,Acute Care Hospitals,Government - Hospital District or Authority,Yes,4
100106,SAMPLE HOSPITAL 107,NV,Acute Care Hospitals,Voluntary non-profit - Private,Yes,4
100107,SAMPLE HOSPITAL 108,UT,Acute Care Hospitals,Voluntary non-profit - Private,Yes,2
100108,SAMPLE HOSPITAL 109,NE,Acute Care Hospitals,Proprietary,Yes,3
100109,SAMPLE HOSPITAL 110,GA,Acute Care Hospitals,Proprietary,No,4
100110,SAMPLE HOSPITAL 111,OK,Acute Care Hospitals,Voluntary non-profit - Private,Yes,4
100111,SAMPLE HOSPITAL 112,MN,Acute Care Hospitals,Voluntary non-profit - Private,Yes,2
100112,SAMPLE HOSPITAL 113,MO,Acute Care Hospitals,Voluntary non-profit - Private,Yes,3
100113,SAMPLE HOSPITAL 114,UT,Acute Care Hospitals,Proprietary,Yes,2
100114,SAMPLE HOSPITAL 115,NV,Acute Care Hospitals,Voluntary non-profit - Private,Yes,3
100115,SAMPLE HOSPITAL 116,WY,Acute Care Hospitals,Voluntary non-profit - Other,Yes,5
100116,SAMPLE HOSPITAL 117,NC,Acute Care Hospitals,Voluntary non-profit - Private,No,3
100117,SAMPLE HOSPITAL 118,OR,Acute Care Hospitals,Government - Federal,No,3
100118,SAMPLE HOSPITAL 119,VT,Acute Care Hospitals,Voluntary non-profit - Private,Yes,3
100119,SAMPLE HOSPITAL 120,WY,Acute Care Hospitals,Voluntary non-profit - Private,Yes,3
100120,SAMPLE HOSPITAL 121,WI,Acute Care Hospitals,Physician,Yes,2
100121,SAMPLE HOSPITAL 122,GA,Acute Care Hospitals,Voluntary non-profit - Private,No,1
100122,SAMPLE HOSPITAL 123,NH,Acute Care Hospitals,Proprietary,Yes,3
100123,SAMPLE HOSPITAL 124,NH,Critical Access Hospitals,Voluntary non-profit - Church,Yes,5
100124,SAMPLE HOSPITAL 125,VA,Acute Care Hospitals,Government - State,No,2
100125,SAMPLE HOSPITAL 126,NE,Acute Care Hospitals,Proprietary,No,4
100126,SAMPLE HOSPITAL 127,ME,Acute Care Hospitals,Proprietary,Yes,4
100127,SAMPLE HOSPITAL 128,RI,Acute Care Hospitals,Proprietary,Yes,3
100128,SAMPLE HOSPITAL 129,TN,Acute Care Hospitals,Tribal,Yes,4
100129,SAMPLE HOSPITAL 130,CA,Acute Care Hospitals,Proprietary,Yes,4
100130,SAMPLE HOSPITAL 131,RI,Acute Care Hospitals,Proprietary,Yes,3
100131,SAMPLE HOSPITAL 132,NH,Critical Access Hospitals,Government - Hospital District or Authority,Yes,3
100132,SAMPLE HOSPITAL 133,MS,Acute Care Hospitals,Voluntary non-profit - Private,Yes,3
100133,SAMPLE HOSPITAL 134,KY,Acute Care Hospitals,Voluntary non-profit - Private,Yes,2
100134,SAMPLE HOSPITAL 135,WI,Critical Access Hospitals,Government - Federal,No,4
100135,SAMPLE HOSPITAL 136,AR,Acute Care Hospitals,Voluntary non-profit - Private,Yes,2
100136,SAMPLE HOSPITAL 137,GA,Acute Care Hospitals,Voluntary non-profit - Private,Yes,2
100137,SAMPLE HOSPITAL 138,IN,Acute Care Hospitals,Voluntary non-profit - Private,Yes,2
100138,SAMPLE HOSPITAL 139,KS,Acute Care Hospitals,Voluntary non-profit - Private,Yes,3
100139,SAMPLE HOSPITAL 140,ME,Acute Care Hospitals,Physician,Yes,3
100140,SAMPLE HOSPITAL 141,ND,Acute Care Hospitals,Government - Hospital District or Authority,Yes,4
100141,SAMPLE HOSPITAL 142,CA,Acute Care Hospitals,Voluntary non-profit - Private,Yes,3
100142,SAMPLE HOSPITAL 143,TN,Acute Care Hospitals,Voluntary non-profit - Church,Yes,3
100143,SAMPLE HOSPITAL 144,IL,Critical Access Hospitals,Proprietary,Yes,3
100144,SAMPLE HOSPITAL 145,AZ,Acute Care Hospitals,Government - Local,No,3
100145,SAMPLE HOSPITAL 146,MO,Acute Care Hospitals,Voluntary non-profit - Private,No,3
100146,SAMPLE HOSPITAL 147,CO,Acute Care Hospitals,Proprietary,Yes,3
100147,SAMPLE HOSPITAL 148,VT,Acute Care Hospitals,Proprietary,Yes,3
100148,SAMPLE HOSPITAL 149,CA,Acute Care Hospitals,Voluntary non-profit - Other,Yes,5
100149,SAMPLE HOSPITAL 150,CA,Acute Care Hospitals,Voluntary non-profit - Church,Yes,
100150,SAMPLE HOSPITAL 151,MS,Acute Care Hospitals,Physician,Yes,4
100151,SAMPLE HOSPITAL 152,WV,Critical Access Hospitals,Voluntary non-profit - Private,Yes,1
100152,SAMPLE HOSPITAL 153,CA,Critical Access Hospitals,Voluntary non-profit - Private,Yes,2
100153,SAMPLE HOSPITAL 154,VA,Acute Care Hospitals,Voluntary non-profit - Church,Yes,3
100154,SAMPLE HOSPITAL 155,IL,Acute Care Hospitals,Tribal,Yes,3
100155,SAMPLE HOSPITAL 156,SC,Acute Care Hospitals,Voluntary non-profit - Private,No,3
100156,SAMPLE HOSPITAL 157,UT,Acute Care Hospitals,Voluntary non-profit - Private,Yes,2
100157,SAMPLE HOSPITAL 158,DE,Acute Care Hospitals,Voluntary non-profit - Private,Yes,4
100158,SAMPLE HOSPITAL 159,SD,Acute Care Hospitals,Voluntary non-profit - Private,Yes,4
100159,SAMPLE HOSPITAL 160,OR,Acute Care Hospitals,Proprietary,Yes,3
100160,SAMPLE HOSPITAL 161,NY,Acute Care Hospitals,Voluntary non-profit - Other,No,4
100161,SAMPLE HOSPITAL 162,CA,Acute Care Hospitals,Tribal,Yes,4
100162,SAMPLE HOSPITAL 163,MT,Acute Care Hospitals,Voluntary non-profit - Private,Yes,3
100163,SAMPLE HOSPITAL 164,AR,Acute Care Hospitals,Voluntary non-profit - Private,Yes,3
100164,SAMPLE HOSPITAL 165,NY,Acute Care Hospitals,Proprietary,Yes,5
100166,SAMPLE HOSPITAL 167,WI,Acute Care Hospitals,Voluntary non-profit - Other,No,4
100167,SAMPLE HOSPITAL 168,WI,Critical Access Hospitals,Proprietary,Yes,3
100168,SAMPLE HOSPITAL 169,WI,Acute Care Hospitals,Government - Hospital District or Authority,No,
100169,SAMPLE HOSPITAL 170,GA,Critical Access Hospitals,Government - Hospital District or Authority,Yes,4
100170,SAMPLE HOSPITAL 171,PA,Acute Care Hospitals,Physician,Yes,3
100172,SAMPLE HOSPITAL 173,WA,Acute Care Hospitals,Proprietary,Yes,1
100173,SAMPLE HOSPITAL 174,IL,Acute Care Hospitals,Government - State,Yes,3
100174,SAMPLE HOSPITAL 175,VA,Critical Access Hospitals,Voluntary non-profit - Private,Yes,2
100175,SAMPLE HOSPITAL 176,UT,Acute Care Hospitals,Voluntary non-profit - Private,Yes,4
100176,SAMPLE HOSPITAL 177,IA,Acute Care Hospitals,Government - Federal,Yes,3
100177,SAMPLE HOSPITAL 178,ME,Critical Access Hospitals,Government - Hospital District or Authority,Yes,3
100178,SAMPLE HOSPITAL 179,AZ,Acute Care Hospitals,Government - Federal,Yes,2
100179,SAMPLE HOSPITAL 180,FL,Acute Care Hospitals,Voluntary non-profit - Private,Yes,3
100180,SAMPLE HOSPITAL 181,NE,Acute Care Hospitals,Government - Local,No,3
100181,SAMPLE HOSPITAL 182,NM,Acute Care Hospitals,Proprietary,Yes,
100182,SAMPLE HOSPITAL 183,OH,Critical Access Hospitals,Government - Federal,Yes,4
100183,SAMPLE HOSPITAL 184,MT,Acute Care Hospitals,Government - State,Yes,4
100184,SAMPLE HOSPITAL 185,ME,Acute Care Hospitals,Voluntary non-profit - Private,Yes,3
100185,SAMPLE HOSPITAL 186,MI,Acute Care Hospitals,Voluntary non-profit - Private,No,3
100186,SAMPLE HOSPITAL 187,NV,Acute Care Hospitals,Voluntary non-profit - Private,Yes,2
100187,SAMPLE HOSPITAL 188,MO,Acute Care Hospitals,Voluntary non-profit - Private,No,
100188,SAMPLE HOSPITAL 189,UT,Acute Care Hospitals,Voluntary non-profit - Private,Yes,3
100189,SAMPLE HOSPITAL 190,NM,Acute Care Hospitals,Proprietary,Yes,2
100190,SAMPLE HOSPITAL 191,WI,Acute Care Hospitals,Voluntary non-profit - Private,Yes,
100191,SAMPLE HOSPITAL 192,OR,Critical Access Hospitals,Voluntary non-profit - Church,Yes,2
100192,SAMPLE HOSPITAL 193,NJ,Acute Care Hospitals,Voluntary non-profit - Private,Yes,1
100193,SAMPLE HOSPITAL 194,AL,Critical Access Hospitals,Government - Federal,Yes,
100194,SAMPLE HOSPITAL 195,NM,Critical Access Hospitals,Voluntary non-profit - Other,No,1
100195,SAMPLE HOSPITAL 196,MO,Acute Care Hospitals,Physician,No,2
100196,SAMPLE HOSPITAL 197,UT,Critical Access Hospitals,Government - Hospital District or Authority,Yes,4
100197,SAMPLE HOSPITAL 198,TX,Acute Care Hospitals,Proprietary,Yes,
100198,SAMPLE HOSPITAL 199,KS,Acute Care Hospitals,Voluntary non-profit - Church,Yes,4
100199,SAMPLE HOSPITAL 200,IA,Acute Care Hospitals,Proprietary,Yes,3
100200,SAMPLE HOSPITAL 201,NE,Acute Care Hospitals,Voluntary non-profit - Other,No,2
100201,SAMPLE HOSPITAL 202,AR,Acute Care Hospitals,Government - Local,Yes,3
100202,SAMPLE HOSPITAL 203,VA,Acute Care Hospitals,Voluntary non-profit - Other,Yes,4
100203,SAMPLE HOSPITAL 204,IN,Acute Care Hospitals,Proprietary,Yes,3
100204,SAMPLE HOSPITAL 205,CA,Critical Access Hospitals,Voluntary non-profit - Private,Yes,2
100205,SAMPLE HOSPITAL 206,IN,Acute Care Hospitals,Government - State,Yes,4
100206,SAMPLE HOSPITAL 207,WY,Critical Access Hospitals,Voluntary non-profit - Church,No,3
100207,SAMPLE HOSPITAL 208,WI,Acute Care Hospitals,Government - Federal,No,4
100208,SAMPLE HOSPITAL 209,ME,Acute Care Hospitals,Proprietary,Yes,3
100209,SAMPLE HOSPITAL 210,WI,Acute Care Hospitals,Voluntary non-profit - Church,Yes,3
100210,SAMPLE HOSPITAL 211,ND,Acute Care Hospitals,Proprietary,Yes,1
100211,SAMPLE HOSPITAL 212,IN,Acute Care Hospitals,Proprietary,Yes,2
100212,SAMPLE HOSPITAL 213,AK,Critical Access Hospitals,Voluntary non-profit - Private,Yes,3
100214,SAMPLE HOSPITAL 215,MD,Acute Care Hospitals,Voluntary non-profit - Private,No,3
100215,SAMPLE HOSPITAL 216,AR,Critical Access Hospitals,Government - State,Yes,3
100216,SAMPLE HOSPITAL 217,IA,Acute Care Hospitals,Government - State,Yes,
100217,SAMPLE HOSPITAL 218,ID,Acute Care Hospitals,Government - Local,No,5
100218,SAMPLE HOSPITAL 219,UT,Acute Care Hospitals,Government - Local,Yes,
100219,SAMPLE HOSPITAL 220,RI,Acute Care Hospitals,Tribal,No,
100220,SAMPLE HOSPITAL 221,IA,Acute Care Hospitals,Proprietary,Yes,4
100221,SAMPLE HOSPITAL 222,LA,Acute Care Hospitals,Voluntary non-profit - Private,Yes,3
100222,SAMPLE HOSPITAL 223,NH,Acute Care Hospitals,Voluntary non-profit - Private,Yes,3
100223,SAMPLE HOSPITAL 224,RI,Acute Care Hospitals,Government - State,Yes,3
100224,SAMPLE HOSPITAL 225,OR,Acute Care Hospitals,Voluntary non-profit - Private,Yes,4
100225,SAMPLE HOSPITAL 226,MS,Acute Care Hospitals,Voluntary non-profit - Private,No,3
100226,SAMPLE HOSPITAL 227,MI,Acute Care Hospitals,Voluntary non-profit - Private,Yes,3
100227,SAMPLE HOSPITAL 228,NM,Acute Care Hospitals,Voluntary non-profit - Private,No,2
100228,SAMPLE HOSPITAL 229,MS,Acute Care Hospitals,Proprietary,No,1
100229,SAMPLE HOSPITAL 230,ME,Acute Care Hospitals,Voluntary non-profit - Private,No,3
100230,SAMPLE HOSPITAL 231,MO,Acute Care Hospitals,Government - Hospital District or Authority,Yes,3
100232,SAMPLE HOSPITAL 233,OR,Acute Care Hospitals,Government - Hospital District or Authority,Yes,2
100233,SAMPLE HOSPITAL 234,MN,Acute Care Hospitals,Voluntary non-profit - Private,Yes,3
100234,SAMPLE HOSPITAL 235,ND,Acute Care Hospitals,Government - Local,Yes,3
100235,SAMPLE HOSPITAL 236,UT,Acute Care Hospitals,Voluntary non-profit - Other,No,4
100236,SAMPLE HOSPITAL 237,IA,Acute Care Hospitals,Voluntary non-profit - Other,Yes,4
100237,SAMPLE HOSPITAL 238,VA,Acute Care Hospitals,Proprietary,Yes,1
100238,SAMPLE HOSPITAL 239,MA,Acute Care Hospitals,Voluntary non-profit - Private,Yes,2
100239,SAMPLE HOSPITAL 240,NJ,Acute Care Hospitals,Voluntary non-profit - Private,Yes,4
100240,SAMPLE HOSPITAL 241,KS,Acute Care Hospitals,Proprietary,Yes,3
100241,SAMPLE HOSPITAL 242,OK,Critical Access Hospitals,Physician,No,3
100242,SAMPLE HOSPITAL 243,FL,Acute Care Hospitals,Voluntary non-profit - Private,Yes,1
100243,SAMPLE HOSPITAL 244,WI,Acute Care Hospitals,Government - Hospital District or Authority,No,3
100244,SAMPLE HOSPITAL 245,OK,Acute Care Hospitals,Voluntary non-profit - Church,Yes,2
100245,SAMPLE HOSPITAL 246,NV,Acute Care Hospitals,Voluntary non-profit - Private,Yes,2
100246,SAMPLE HOSPITAL 247,NH,Acute Care Hospitals,Government - Hospital District or Authority,Yes,3
100247,SAMPLE HOSPITAL 248,AR,Acute Care Hospitals,Proprietary,Yes,2
100248,SAMPLE HOSPITAL 249,FL,Acute Care Hospitals,Voluntary non-profit - Private,No,3
100249,SAMPLE HOSPITAL 250,MO,Acute Care Hospitals,Physician,Yes,2
100250,SAMPLE HOSPITAL 251,PA,Acute Care Hospitals,Proprietary,Yes,1
100251,SAMPLE HOSPITAL 252,NV,Acute Care Hospitals,Government - Local,Yes,3
100252,SAMPLE HOSPITAL 253,UT,Acute Care Hospitals,Tribal,Yes,2
100253,SAMPLE HOSPITAL 254,TN,Acute Care Hospitals,Voluntary non-profit - Private,Yes,4
100254,SAMPLE HOSPITAL 255,WA,Acute Care Hospitals,Voluntary non-profit - Private,Yes,
100255,SAMPLE HOSPITAL 256,ND,Acute Care Hospitals,Government - Local,Yes,4
100256,SAMPLE HOSPITAL 257,MO,Acute Care Hospitals,Voluntary non-profit - Private,Yes,4
100257,SAMPLE HOSPITAL 258,NH,Critical Access Hospitals,Voluntary non-profit - Private,Yes,2
100258,SAMPLE HOSPITAL 259,PA,Acute Care Hospitals,Voluntary non-profit - Private,Yes,4
100259,SAMPLE HOSPITAL 260,WY,Acute Care Hospitals,Government - Hospital District or Authority,Yes,3
100260,SAMPLE HOSPITAL 261,NY,Acute Care Hospitals,Voluntary non-profit - Private,Yes,3
100261,SAMPLE HOSPITAL 262,FL,Acute Care Hospitals,Proprietary,Yes,1
100262,SAMPLE HOSPITAL 263,KY,Acute Care Hospitals,Voluntary non-profit - Other,Yes,3
100263,SAMPLE HOSPITAL 264,LA,Acute Care Hospitals,Proprietary,Yes,1
100264,SAMPLE HOSPITAL 265,MD,Acute Care Hospitals,Voluntary non-profit - Private,Yes,5
100265,SAMPLE HOSPITAL 266,DE,Acute Care Hospitals,Government - Local,Yes,2
100266,SAMPLE HOSPITAL 267,WY,Acute Care Hospitals,Proprietary,Yes,4
100267,SAMPLE HOSPITAL 268,NY,Critical Access Hospitals,Voluntary non-profit - Private,Yes,2
100268,SAMPLE HOSPITAL 269,NM,Acute Care Hospitals,Proprietary,No,
100269,SAMPLE HOSPITAL 270,IA,Acute Care Hospitals,Voluntary non-profit - Church,Yes,
100270,SAMPLE HOSPITAL 271,ID,Critical Access Hospitals,Government - Hospital District or Authority,Yes,4
100271,SAMPLE HOSPITAL 272,MA,Acute Care Hospitals,Physician,Yes,2
100272,SAMPLE HOSPITAL 273,WA,Critical Access Hospitals,Government - Local,Yes,3
100273,SAMPLE HOSPITAL 274,AL,Critical Access Hospitals,Physician,Yes,4
100274,SAMPLE HOSPITAL 275,VA,Critical Access Hospitals,Voluntary non-profit - Church,Yes,3
100275,SAMPLE HOSPITAL 276,PA,Acute Care Hospitals,Government - Hospital District or Authority,Yes,2
100276,SAMPLE HOSPITAL 277,MA,Acute Care Hospitals,Voluntary non-profit - Private,Yes,4
100277,SAMPLE HOSPITAL 278,NH,Acute Care Hospitals,Government - Local,Yes,4
100278,SAMPLE HOSPITAL 279,GA,Acute Care Hospitals,Tribal,Yes,1
100279,SAMPLE HOSPITAL 280,MT,Acute Care Hospitals,Government - Hospital District or Authority,Yes,4
100280,SAMPLE HOSPITAL 281,FL,Acute Care Hospitals,Government - State,Yes,2
100281,SAMPLE HOSPITAL 282,AK,Acute Care Hospitals,Government - State,No,5
100282,SAMPLE HOSPITAL 283,WA,Acute Care Hospitals,Voluntary non-profit - Private,Yes,4
100283,SAMPLE HOSPITAL 284,AZ,Acute Care Hospitals,Voluntary non-profit - Other,Yes,3
100284,SAMPLE HOSPITAL 285,SD,Acute Care Hospitals,Proprietary,Yes,2
100285,SAMPLE HOSPITAL 286,MO,Acute Care Hospitals,Voluntary non-profit - Private,Yes,2
100286,SAMPLE HOSPITAL 287,HI,Acute Care Hospitals,Tribal,Yes,4
100287,SAMPLE HOSPITAL 288,OR,Acute Care Hospitals,Proprietary,Yes,4
100288,SAMPLE HOSPITAL 289,VA,Critical Access Hospitals,Government - Local,No,4
100289,SAMPLE HOSPITAL 290,OH,Critical Access Hospitals,Voluntary non-profit - Private,Yes,3
100290,SAMPLE HOSPITAL 291,MI,Acute Care Hospitals,Government - State,Yes,
100291,SAMPLE HOSPITAL 292,ND,Acute Care Hospitals,Voluntary non-profit - Private,Yes,4
100292,SAMPLE HOSPITAL 293,HI,Critical Access Hospitals,Proprietary,Yes,3
100293,SAMPLE HOSPITAL 294,IA,Acute Care Hospitals,Voluntary non-profit - Private,No,2
100294,SAMPLE HOSPITAL 295,WY,Critical Access Hospitals,Voluntary non-profit - Private,Yes,3
100295,SAMPLE HOSPITAL 296,VA,Acute Care Hospitals,Voluntary non-profit - Private,Yes,3
100296,SAMPLE HOSPITAL 297,WA,Acute Care Hospitals,Government - Local,Yes,2
100297,SAMPLE HOSPITAL 298,HI,Critical Access Hospitals,Voluntary non-profit - Private,Yes,3
100298,SAMPLE HOSPITAL 299,OK,Acute Care Hospitals,Proprietary,No,4
100299,SAMPLE HOSPITAL 300,HI,Acute Care Hospitals,Voluntary non-profit - Private,Yes,1
100300,SAMPLE HOSPITAL 301,AR,Acute Care Hospitals,Government - Local,No,
100301,SAMPLE HOSPITAL 302,IL,Acute Care Hospitals,Government - State,Yes,3
100302,SAMPLE HOSPITAL 303,CO,Acute Care Hospitals,Voluntary non-profit - Other,Yes,4
100303,SAMPLE HOSPITAL 304,IA,Acute Care Hospitals,Government - Hospital District or Authority,Yes,3
100304,SAMPLE HOSPITAL 305,OK,Critical Access Hospitals,Proprietary,Yes,1
100305,SAMPLE HOSPITAL 306,NM,Critical Access Hospitals,Voluntary non-profit - Church,Yes,3
100306,SAMPLE HOSPITAL 307,IN,Critical Access Hospitals,Voluntary non-profit - Private,Yes,3
100307,SAMPLE HOSPITAL 308,CO,Acute Care Hospitals,Proprietary,No,4
100308,SAMPLE HOSPITAL 309,DE,Critical Access Hospitals,Proprietary,Yes,2
100309,SAMPLE HOSPITAL 310,ME,Acute Care Hospitals,Proprietary,No,4
100310,SAMPLE HOSPITAL 311,AZ,Acute Care Hospitals,Voluntary non-profit - Private,Yes,3
100311,SAMPLE HOSPITAL 312,MD,Acute Care Hospitals,Government - Hospital District or Authority,Yes,2
100312,SAMPLE HOSPITAL 313,LA,Acute Care Hospitals,Voluntary non-profit - Church,Yes,5
100313,SAMPLE HOSPITAL 314,AR,Acute Care Hospitals,Voluntary non-profit - Private,Yes,4
100314,SAMPLE HOSPITAL 315,AR,Critical Access Hospitals,Voluntary non-profit - Church,Yes,1
100315,SAMPLE HOSPITAL 316,UT,Acute Care Hospitals,Government - State,Yes,1
100316,SAMPLE HOSPITAL 317,ME,Acute Care Hospitals,Proprietary,Yes,4
100317,SAMPLE HOSPITAL 318,WY,Acute Care Hospitals,Proprietary,Yes,2
100318,SAMPLE HOSPITAL 319,NV,Acute Care Hospitals,Proprietary,Yes,3
100319,SAMPLE HOSPITAL 320,AL,Acute Care Hospitals,Voluntary non-profit - Private,Yes,2
100320,SAMPLE HOSPITAL 321,SD,Acute Care Hospitals,Proprietary,Yes,2
100321,SAMPLE HOSPITAL 322,AR,Critical Access Hospitals,Voluntary non-profit - Private,No,3
100322,SAMPLE HOSPITAL 323,MT,Acute Care Hospitals,Voluntary non-profit - Private,No,2
100323,SAMPLE HOSPITAL 324,TX,Acute Care Hospitals,Proprietary,Yes,3
100324,SAMPLE HOSPITAL 325,UT,Acute Care Hospitals,Government - Local,Yes,5
100325,SAMPLE HOSPITAL 326,KY,Acute Care Hospitals,Voluntary non-profit - Private,Yes,3
100326,SAMPLE HOSPITAL 327,UT,Acute Care Hospitals,Voluntary non-profit - Other,No,3
100327,SAMPLE HOSPITAL 328,GA,Acute Care Hospitals,Voluntary non-profit - Private,Yes,3
100328,SAMPLE HOSPITAL 329,OR,Critical Access Hospitals,Voluntary non-profit - Other,Yes,4
100329,SAMPLE HOSPITAL 330,OH,Acute Care Hospitals,Voluntary non-profit - Other,Yes,2
100330,SAMPLE HOSPITAL 331,HI,Critical Access Hospitals,Voluntary non-profit - Church,Yes,2
100331,SAMPLE HOSPITAL 332,HI,Acute Care Hospitals,Voluntary non-profit - Private,Yes,5
100332,SAMPLE HOSPITAL 333,VA,Acute Care Hospitals,Proprietary,Yes,4
100333,SAMPLE HOSPITAL 334,AR,Acute Care Hospitals,Voluntary non-profit - Private,Yes,4
100334,SAMPLE HOSPITAL 335,TX,Acute Care Hospitals,Proprietary,Yes,4
100335,SAMPLE HOSPITAL 336,DE,Acute Care Hospitals,Voluntary non-profit - Private,No,4
100336,SAMPLE HOSPITAL 337,IN,Acute Care Hospitals,Proprietary,No,4
100337,SAMPLE HOSPITAL 338,GA,Acute Care Hospitals,Government - Hospital District or Authority,Yes,2
100338,SAMPLE HOSPITAL 339,ME,Critical Access Hospitals,Voluntary non-profit - Private,Yes,3
100339,SAMPLE HOSPITAL 340,TX,Acute Care Hospitals,Voluntary non-profit - Private,No,2
100340,SAMPLE HOSPITAL 341,NJ,Acute Care Hospitals,Voluntary non-profit - Private,Yes,1
100341,SAMPLE HOSPITAL 342,HI,Acute Care Hospitals,Government - Local,Yes,1
100343,SAMPLE HOSPITAL 344,TX,Acute Care Hospitals,Proprietary,Yes,3
100344,SAMPLE HOSPITAL 345,OK,Acute Care Hospitals,Voluntary non-profit - Church,Yes,4
100345,SAMPLE HOSPITAL 346,CA,Acute Care Hospitals,Voluntary non-profit - Private,No,3
100346,SAMPLE HOSPITAL 347,OR,Acute Care Hospitals,Voluntary non-profit - Private,No,3
100347,SAMPLE HOSPITAL 348,AZ,Critical Access Hospitals,Voluntary non-profit - Private,Yes,2
100348,SAMPLE HOSPITAL 349,IA,Acute Care Hospitals,Voluntary non-profit - Church,Yes,4
100349,SAMPLE HOSPITAL 350,WI,Acute Care Hospitals,Government - Local,No,4
100350,SAMPLE HOSPITAL 351,CT,Critical Access Hospitals,Voluntary non-profit - Private,Yes,4
100351,SAMPLE HOSPITAL 352,CT,Critical Access Hospitals,Voluntary non-profit - Private,Yes,3
100352,SAMPLE HOSPITAL 353,OK,Acute Care Hospitals,Proprietary,Yes,3
100353,SAMPLE HOSPITAL 354,CT,Acute Care Hospitals,Voluntary non-profit - Private,Yes,4
100354,SAMPLE HOSPITAL 355,ME,Acute Care Hospitals,Proprietary,Yes,3
100355,SAMPLE HOSPITAL 356,VA,Acute Care Hospitals,Proprietary,Yes,3
100356,SAMPLE HOSPITAL 357,NC,Acute Care Hospitals,Government - Federal,No,1
100357,SAMPLE HOSPITAL 358,UT,Acute Care Hospitals,Proprietary,Yes,3
100358,SAMPLE HOSPITAL 359,LA,Acute Care Hospitals,Voluntary non-profit - Private,Yes,4
100359,SAMPLE HOSPITAL 360,MN,Acute Care Hospitals,Voluntary non-profit - Private,Yes,3
100360,SAMPLE HOSPITAL 361,MO,Acute Care Hospitals,Government - Hospital District or Authority,No,4
100361,SAMPLE HOSPITAL 362,IA,Critical Access Hospitals,Voluntary non-profit - Private,Yes,3
100362,SAMPLE HOSPITAL 363,UT,Acute Care Hospitals,Voluntary non-profit - Private,Yes,
100363,SAMPLE HOSPITAL 364,PA,Acute Care Hospitals,Proprietary,Yes,3
100364,SAMPLE HOSPITAL 365,NY,Acute Care Hospitals,Voluntary non-profit - Private,No,5
100365,SAMPLE HOSPITAL 366,CO,Critical Access Hospitals,Proprietary,No,2
100366,SAMPLE HOSPITAL 367,OK,Acute Care Hospitals,Physician,Yes,5
100367,SAMPLE HOSPITAL 368,MO,Critical Access Hospitals,Government - Local,Yes,3
100368,SAMPLE HOSPITAL 369,NC,Acute Care Hospitals,Physician,Yes,3
100369,SAMPLE HOSPITAL 370,SD,Acute Care Hospitals,Proprietary,No,2
100370,SAMPLE HOSPITAL 371,TN,Acute Care Hospitals,Voluntary non-profit - Other,Yes,3
100371,SAMPLE HOSPITAL 372,AK,Acute Care Hospitals,Voluntary non-profit - Private,Yes,
100372,SAMPLE HOSPITAL 373,MN,Acute Care Hospitals,Proprietary,No,4
100373,SAMPLE HOSPITAL 374,HI,Acute Care Hospitals,Government - State,Yes,4
100374,SAMPLE HOSPITAL 375,AL,Acute Care Hospitals,Government - Hospital District or Authority,Yes,3
100375,SAMPLE HOSPITAL 376,IN,Acute Care Hospitals,Government - Hospital District or Authority,Yes,3
100376,SAMPLE HOSPITAL 377,WI,Acute Care Hospitals,Voluntary non-profit - Private,No,3
100377,SAMPLE HOSPITAL 378,MI,Acute Care Hospitals,Voluntary non-profit - Church,Yes,
100378,SAMPLE HOSPITAL 379,SC,Acute Care Hospitals,Government - Hospital District or Authority,No,4
100379,SAMPLE HOSPITAL 380,LA,Acute Care Hospitals,Voluntary non-profit - Private,Yes,3
100380,SAMPLE HOSPITAL 381,LA,Critical Access Hospitals,Proprietary,No,2
100381,SAMPLE HOSPITAL 382,TN,Acute Care Hospitals,Voluntary non-profit - Church,Yes,4
100382,SAMPLE HOSPITAL 383,MT,Acute Care Hospitals,Voluntary non-profit - Private,Yes,3
100383,SAMPLE HOSPITAL 384,WV,Acute Care Hospitals,Voluntary non-profit - Private,Yes,3
100384,SAMPLE HOSPITAL 385,ND,Critical Access Hospitals,Government - Local,Yes,4
100385,SAMPLE HOSPITAL 386,PA,Critical Access Hospitals,Proprietary,No,2
100386,SAMPLE HOSPITAL 387,IA,Acute Care Hospitals,Voluntary non-profit - Private,Yes,2
100387,SAMPLE HOSPITAL 388,NC,Acute Care Hospitals,Voluntary non-profit - Private,Yes,3
100388,SAMPLE HOSPITAL 389,WA,Acute Care Hospitals,Proprietary,Yes,2
100389,SAMPLE HOSPITAL 390,SD,Acute Care Hospitals,Voluntary non-profit - Other,Yes,4
100390,SAMPLE HOSPITAL 391,WA,Acute Care Hospitals,Proprietary,Yes,3
100391,SAMPLE HOSPITAL 392,SC,Acute Care Hospitals,Voluntary non-profit - Private,No,4
100392,SAMPLE HOSPITAL 393,FL,Acute Care Hospitals,Proprietary,Yes,2
100393,SAMPLE HOSPITAL 394,OH,Critical Access Hospitals,Government - State,No,3
100394,SAMPLE HOSPITAL 395,ND,Acute Care Hospitals,Government - Hospital District or Authority,Yes,1
100395,SAMPLE HOSPITAL 396,NV,Critical Access Hospitals,Voluntary non-profit - Other,Yes,3
100396,SAMPLE HOSPITAL 397,AL,Acute Care Hospitals,Proprietary,Yes,
100397,SAMPLE HOSPITAL 398,NE,Acute Care Hospitals,Proprietary,Yes,2
100398,SAMPLE HOSPITAL 399,NE,Critical Access Hospitals,Proprietary,No,4
100399,SAMPLE HOSPITAL 400,WV,Acute Care Hospitals,Government - Hospital District or Authority,Yes,3
100400,SAMPLE HOSPITAL 401,HI,Acute Care Hospitals,Voluntary non-profit - Private,Yes,2
100401,SAMPLE HOSPITAL 402,IA,Critical Access Hospitals,Voluntary non-profit - Private,Yes,2
100402,SAMPLE HOSPITAL 403,SD,Acute Care Hospitals,Government - Hospital District or Authority,Yes,2
100403,SAMPLE HOSPITAL 404,SC,Acute Care Hospitals,Proprietary,Yes,3
100404,SAMPLE HOSPITAL 405,CO,Acute Care Hospitals,Voluntary non-profit - Private,Yes,4
100405,SAMPLE HOSPITAL 406,NJ,Critical Access Hospitals,Government - Local,Yes,5
100406,SAMPLE HOSPITAL 407,VT,Acute Care Hospitals,Proprietary,Yes,3
100407,SAMPLE HOSPITAL 408,NM,Critical Access Hospitals,Proprietary,Yes,2
100408,SAMPLE HOSPITAL 409,VT,Acute Care Hospitals,Government - Federal,No,5
100409,SAMPLE HOSPITAL 410,MA,Acute Care Hospitals,Government - Hospital District or Authority,Yes,4
100410,SAMPLE HOSPITAL 411,IN,Acute Care Hospitals,Voluntary non-profit - Private,No,2
100411,SAMPLE HOSPITAL 412,SC,Acute Care Hospitals,Voluntary non-profit - Private,Yes,2
100412,SAMPLE HOSPITAL 413,MT,Acute Care Hospitals,Voluntary non-profit - Church,No,3
100413,SAMPLE HOSPITAL 414,UT,Acute Care Hospitals,Voluntary non-profit - Private,Yes,5
100414,SAMPLE HOSPITAL 415,SC,Acute Care Hospitals,Voluntary non-profit - Private,No,3
100415,SAMPLE HOSPITAL 416,LA,Acute Care Hospitals,Government - Hospital District or Authority,Yes,1
100416,SAMPLE HOSPITAL 417,NM,Acute Care Hospitals,Proprietary,No,3
100417,SAMPLE HOSPITAL 418,MD,Acute Care Hospitals,Voluntary non-profit - Private,Yes,3
100418,SAMPLE HOSPITAL 419,OK,Acute Care Hospitals,Proprietary,Yes,3
100419,SAMPLE HOSPITAL 420,WY,Acute Care Hospitals,Physician,Yes,4
100420,SAMPLE HOSPITAL 421,SD,Acute Care Hospitals,Voluntary non-profit - Private,Yes,4
100421,SAMPLE HOSPITAL 422,MA,Acute Care Hospitals,Proprietary,No,2
100422,SAMPLE HOSPITAL 423,NE,Acute Care Hospitals,Government - Hospital District or Authority,Yes,4
100423,SAMPLE HOSPITAL 424,HI,Acute Care Hospitals,Voluntary non-profit - Private,No,4
100424,SAMPLE HOSPITAL 425,MD,Acute Care Hospitals,Voluntary non-profit - Private,Yes,3
100425,SAMPLE HOSPITAL 426,MA,Acute Care Hospitals,Proprietary,No,4
100426,SAMPLE HOSPITAL 427,SD,Critical Access Hospitals,Voluntary non-profit - Church,Yes,5
100428,SAMPLE HOSPITAL 429,ME,Acute Care Hospitals,Voluntary non-profit - Private,Yes,3
100429,SAMPLE HOSPITAL 430,OK,Acute Care Hospitals,Voluntary non-profit - Other,No,3
100430,SAMPLE HOSPITAL 431,IA,Acute Care Hospitals,Government - Hospital District or Authority,Yes,3
100431,SAMPLE HOSPITAL 432,NE,Acute Care Hospitals,Proprietary,No,2
100432,SAMPLE HOSPITAL 433,IL,Acute Care Hospitals,Voluntary non-profit - Private,Yes,
100433,SAMPLE HOSPITAL 434,MI,Acute Care Hospitals,Voluntary non-profit - Private,Yes,3
100434,SAMPLE HOSPITAL 435,WY,Acute Care Hospitals,Voluntary non-profit - Private,Yes,3
100435,SAMPLE HOSPITAL 436,MO,Acute Care Hospitals,Voluntary non-profit - Private,Yes,4
100436,SAMPLE HOSPITAL 437,HI,Critical Access Hospitals,Government - Local,Yes,3
100437,SAMPLE HOSPITAL 438,DE,Critical Access Hospitals,Proprietary,No,3
100438,SAMPLE HOSPITAL 439,VT,Acute Care Hospitals,Government - Federal,Yes,4
100439,SAMPLE HOSPITAL 440,AR,Acute Care Hospitals,Voluntary non-profit - Private,No,2
100440,SAMPLE HOSPITAL 441,WA,Acute Care Hospitals,Voluntary non-profit - Other,Yes,4
100441,SAMPLE HOSPITAL 442,OH,Critical Access Hospitals,Proprietary,Yes,4
100443,SAMPLE HOSPITAL 444,AK,Critical Access Hospitals,Government - Hospital District or Authority,Yes,
100444,SAMPLE HOSPITAL 445,ND,Acute Care Hospitals,Voluntary non-profit - Private,Yes,5
100445,SAMPLE HOSPITAL 446,AZ,Acute Care Hospitals,Voluntary non-profit - Private,Yes,2
100446,SAMPLE HOSPITAL 447,AL,Acute Care Hospitals,Government - Federal,No,
100447,SAMPLE HOSPITAL 448,MS,Acute Care Hospitals,Proprietary,Yes,
100448,SAMPLE HOSPITAL 449,WA,Critical Access Hospitals,Proprietary,No,3
100449,SAMPLE HOSPITAL 450,WV,Acute Care Hospitals,Voluntary non-profit - Other,Yes,3
100450,SAMPLE HOSPITAL 451,TX,Critical Access Hospitals,Voluntary non-profit - Private,Yes,2
100452,SAMPLE HOSPITAL 453,NH,Critical Access Hospitals,Government - State,Yes,3
100453,SAMPLE HOSPITAL 454,CT,Acute Care Hospitals,Voluntary non-profit - Other,Yes,3
100454,SAMPLE HOSPITAL 455,WA,Acute Care Hospitals,Government - Hospital District or Authority,Yes,4
100455,SAMPLE HOSPITAL 456,RI,Critical Access Hospitals,Voluntary non-profit - Other,Yes,3
100456,SAMPLE HOSPITAL 457,WY,Acute Care Hospitals,Voluntary non-profit - Private,Yes,2
100457,SAMPLE HOSPITAL 458,MA,Acute Care Hospitals,Voluntary non-profit - Other,No,
100458,SAMPLE HOSPITAL 459,WI,Acute Care Hospitals,Voluntary non-profit - Private,No,4
100459,SAMPLE HOSPITAL 460,KY,Acute Care Hospitals,Voluntary non-profit - Church,Yes,2
100460,SAMPLE HOSPITAL 461,OK,Acute Care Hospitals,Proprietary,No,3
100461,SAMPLE HOSPITAL 462,MS,Critical Access Hospitals,Proprietary,No,4
100462,SAMPLE HOSPITAL 463,SC,Critical Access Hospitals,Government - State,Yes,3
100463,SAMPLE HOSPITAL 464,AL,Acute Care Hospitals,Voluntary non-profit - Private,Yes,3
100464,SAMPLE HOSPITAL 465,OK,Acute Care Hospitals,Proprietary,Yes,
100465,SAMPLE HOSPITAL 466,KY,Acute Care Hospitals,Voluntary non-profit - Private,No,
100466,SAMPLE HOSPITAL 467,TX,Critical Access Hospitals,Proprietary,Yes,
100467,SAMPLE HOSPITAL 468,MO,Acute Care Hospitals,Voluntary non-profit - Private,Yes,4
100468,SAMPLE HOSPITAL 469,MI,Acute Care Hospitals,Tribal,Yes,4
100469,SAMPLE HOSPITAL 470,AR,Acute Care Hospitals,Voluntary non-profit - Private,Yes,
100470,SAMPLE HOSPITAL 471,MI,Acute Care Hospitals,Voluntary non-profit - Private,Yes,4
100471,SAMPLE HOSPITAL 472,NV,Acute Care Hospitals,Government - Local,Yes,3
100472,SAMPLE HOSPITAL 473,VT,Critical Access Hospitals,Voluntary non-profit - Private,Yes,5
100473,SAMPLE HOSPITAL 474,ID,Acute Care Hospitals,Voluntary non-profit - Other,No,4
100474,SAMPLE HOSPITAL 475,WV,Acute Care Hospitals,Voluntary non-profit - Private,Yes,4
100475,SAMPLE HOSPITAL 476,MN,Acute Care Hospitals,Voluntary non-profit - Private,No,4
100476,SAMPLE HOSPITAL 477,NY,Acute Care Hospitals,Proprietary,Yes,5
100477,SAMPLE HOSPITAL 478,WI,Critical Access Hospitals,Voluntary non-profit - Other,Yes,2
100478,SAMPLE HOSPITAL 479,RI,Critical Access Hospitals,Government - Hospital District or Authority,Yes,3
100479,SAMPLE HOSPITAL 480,NH,Acute Care Hospitals,Government - Hospital District or Authority,Yes,
100480,SAMPLE HOSPITAL 481,IL,Acute Care Hospitals,Proprietary,Yes,2
100481,SAMPLE HOSPITAL 482,VT,Critical Access Hospitals,Proprietary,Yes,3
100482,SAMPLE HOSPITAL 483,MT,Acute Care Hospitals,Voluntary non-profit - Church,Yes,4
100483,SAMPLE HOSPITAL 484,MA,Acute Care Hospitals,Proprietary,No,3
100484,SAMPLE HOSPITAL 485,WA,Acute Care Hospitals,Proprietary,Yes,4
100485,SAMPLE HOSPITAL 486,HI,Acute Care Hospitals,Voluntary non-profit - Private,Yes,3
100486,SAMPLE HOSPITAL 487,AL,Acute Care Hospitals,Proprietary,No,3
100487,SAMPLE HOSPITAL 488,NJ,Critical Access Hospitals,Voluntary non-profit - Private,Yes,2
100488,SAMPLE HOSPITAL 489,AR,Acute Care Hospitals,Government - State,Yes,2
100489,SAMPLE HOSPITAL 490,CT,Acute Care Hospitals,Voluntary non-profit - Church,Yes,2
100490,SAMPLE HOSPITAL 491,AZ,Acute Care Hospitals,Proprietary,Yes,
100491,SAMPLE HOSPITAL 492,NM,Acute Care Hospitals,Proprietary,Yes,2
100492,SAMPLE HOSPITAL 493,OR,Acute Care Hospitals,Proprietary,Yes,3
100493,SAMPLE HOSPITAL 494,FL,Critical Access Hospitals,Voluntary non-profit - Private,Yes,4
100494,SAMPLE HOSPITAL 495,IL,Acute Care Hospitals,Proprietary,Yes,2
100495,SAMPLE HOSPITAL 496,SD,Acute Care Hospitals,Voluntary non-profit - Private,Yes,2
100496,SAMPLE HOSPITAL 497,MI,Acute Care Hospitals,Voluntary non-profit - Private,Yes,3
100497,SAMPLE HOSPITAL 498,SD,Acute Care Hospitals,Proprietary,Yes,
100498,SAMPLE HOSPITAL 499,OK,Acute Care Hospitals,Physician,Yes,3
100499,SAMPLE HOSPITAL 500,AK,Acute Care Hospitals,Voluntary non-profit - Private,Yes,3
100500,SAMPLE HOSPITAL 501,VA,Critical Access Hospitals,Voluntary non-profit - Private,Yes,2
100501,SAMPLE HOSPITAL 502,ID,Acute Care Hospitals,Voluntary non-profit - Private,No,3
100502,SAMPLE HOSPITAL 503,WA,Critical Access Hospitals,Voluntary non-profit - Private,Yes,4
100503,SAMPLE HOSPITAL 504,NJ,Critical Access Hospitals,Government - Local,Yes,
100504,SAMPLE HOSPITAL 505,NJ,Acute Care Hospitals,Proprietary,No,4
100505,SAMPLE HOSPITAL 506,TX,Acute Care Hospitals,Voluntary non-profit - Private,Yes,3
100506,SAMPLE HOSPITAL 507,OK,Acute Care Hospitals,Voluntary non-profit - Church,Yes,3
100507,SAMPLE HOSPITAL 508,AK,Acute Care Hospitals,Proprietary,No,4
100508,SAMPLE HOSPITAL 509,SC,Acute Care Hospitals,Proprietary,Yes,5
100509,SAMPLE HOSPITAL 510,VT,Acute Care Hospitals,Voluntary non-profit - Private,Yes,3
100510,SAMPLE HOSPITAL 511,MS,Acute Care Hospitals,Voluntary non-profit - Private,No,2
100511,SAMPLE HOSPITAL 512,HI,Acute Care Hospitals,Voluntary non-profit - Private,Yes,3
100512,SAMPLE HOSPITAL 513,MD,Acute Care Hospitals,Government - Hospital District or Authority,No,4
100513,SAMPLE HOSPITAL 514,NV,Acute Care Hospitals,Proprietary,No,3
100514,SAMPLE HOSPITAL 515,DE,Acute Care Hospitals,Government - Hospital District or Authority,No,3
100515,SAMPLE HOSPITAL 516,MA,Critical Access Hospitals,Proprietary,Yes,4
100516,SAMPLE HOSPITAL 517,WI,Acute Care Hospitals,Proprietary,Yes,3
100517,SAMPLE HOSPITAL 518,NV,Critical Access Hospitals,Voluntary non-profit - Private,Yes,4
100518,SAMPLE HOSPITAL 519,AL,Acute Care Hospitals,Voluntary non-profit - Private,No,4
100519,SAMPLE HOSPITAL 520,MT,Acute Care Hospitals,Government - State,No,4
100520,SAMPLE HOSPITAL 521,GA,Acute Care Hospitals,Voluntary non-profit - Private,No,1
100521,SAMPLE HOSPITAL 522,NJ,Acute Care Hospitals,Voluntary non-profit - Private,No,2
100522,SAMPLE HOSPITAL 523,RI,Acute Care Hospitals,Voluntary non-profit - Private,No,2
100523,SAMPLE HOSPITAL 524,VA,Acute Care Hospitals,Voluntary non-profit - Private,Yes,2
100524,SAMPLE HOSPITAL 525,ND,Acute Care Hospitals,Voluntary non-profit - Church,No,3
100525,SAMPLE HOSPITAL 526,OR,Acute Care Hospitals,Proprietary,Yes,4
100526,SAMPLE HOSPITAL 527,AR,Acute Care Hospitals,Voluntary non-profit - Private,Yes,3
100527,SAMPLE HOSPITAL 528,LA,Acute Care Hospitals,Government - State,Yes,3
100528,SAMPLE HOSPITAL 529,TX,Acute Care Hospitals,Voluntary non-profit - Private,Yes,4
100529,SAMPLE HOSPITAL 530,RI,Acute Care Hospitals,Voluntary non-profit - Private,Yes,1
100530,SAMPLE HOSPITAL 531,AR,Acute Care Hospitals,Proprietary,No,3
100531,SAMPLE HOSPITAL 532,UT,Critical Access Hospitals,Voluntary non-profit - Church,Yes,
100532,SAMPLE HOSPITAL 533,ND,Acute Care Hospitals,Government - State,Yes,4
100533,SAMPLE HOSPITAL 534,MI,Acute Care Hospitals,Government - Hospital District or Authority,Yes,3
100534,SAMPLE HOSPITAL 535,UT,Acute Care Hospitals,Voluntary non-profit - Private,Yes,3
100535,SAMPLE HOSPITAL 536,UT,Acute Care Hospitals,Government - Federal,Yes,
100536,SAMPLE HOSPITAL 537,RI,Acute Care Hospitals,Physician,Yes,3
100537,SAMPLE HOSPITAL 538,VT,Critical Access Hospitals,Government - Hospital District or Authority,Yes,1
100538,SAMPLE HOSPITAL 539,KY,Acute Care Hospitals,Voluntary non-profit - Church,No,4
100539,SAMPLE HOSPITAL 540,IL,Acute Care Hospitals,Proprietary,No,4
100540,SAMPLE HOSPITAL 541,VA,Acute Care Hospitals,Voluntary non-profit - Private,Yes,4
100541,SAMPLE HOSPITAL 542,TX,Acute Care Hospitals,Government - Hospital District or Authority,No,
100542,SAMPLE HOSPITAL 543,NV,Acute Care Hospitals,Voluntary non-profit - Private,Yes,3
100544,SAMPLE HOSPITAL 545,TN,Acute Care Hospitals,Voluntary non-profit - Church,No,2
100545,SAMPLE HOSPITAL 546,WV,Acute Care Hospitals,Voluntary non-profit - Church,No,3
100546,SAMPLE HOSPITAL 547,AK,Critical Access Hospitals,Voluntary non-profit - Private,Yes,3
100547,SAMPLE HOSPITAL 548,CA,Acute Care Hospitals,Voluntary non-profit - Church,Yes,4
100548,SAMPLE HOSPITAL 549,PA,Acute Care Hospitals,Voluntary non-profit - Private,Yes,3
100549,SAMPLE HOSPITAL 550,WV,Acute Care Hospitals,Voluntary non-profit - Private,Yes,4
100550,SAMPLE HOSPITAL 551,WI,Acute Care Hospitals,Voluntary non-profit - Private,No,2
100551,SAMPLE HOSPITAL 552,WY,Acute Care Hospitals,Voluntary non-profit - Church,Yes,2
100552,SAMPLE HOSPITAL 553,IN,Acute Care Hospitals,Proprietary,No,4
100553,SAMPLE HOSPITAL 554,SC,Acute Care Hospitals,Voluntary non-profit - Private,Yes,3
100554,SAMPLE HOSPITAL 555,LA,Acute Care Hospitals,Voluntary non-profit - Private,Yes,4
100555,SAMPLE HOSPITAL 556,AR,Acute Care Hospitals,Government - State,Yes,3
100556,SAMPLE HOSPITAL 557,HI,Acute Care Hospitals,Voluntary non-profit - Private,Yes,4
100557,SAMPLE HOSPITAL 558,WV,Acute Care Hospitals,Voluntary non-profit - Private,No,3
100558,SAMPLE HOSPITAL 559,PA,Acute Care Hospitals,Voluntary non-profit - Private,Yes,2
100559,SAMPLE HOSPITAL 560,SD,Acute Care Hospitals,Voluntary non-profit - Other,Yes,3
100560,SAMPLE HOSPITAL 561,IA,Acute Care Hospitals,Physician,Yes,4
100561,SAMPLE HOSPITAL 562,CO,Acute Care Hospitals,Government - Local,Yes,
100562,SAMPLE HOSPITAL 563,MA,Acute Care Hospitals,Tribal,Yes,3
100563,SAMPLE HOSPITAL 564,NV,Acute Care Hospitals,Proprietary,Yes,2
100564,SAMPLE HOSPITAL 565,VT,Acute Care Hospitals,Proprietary,Yes,5
100565,SAMPLE HOSPITAL 566,NJ,Acute Care Hospitals,Proprietary,Yes,3
100566,SAMPLE HOSPITAL 567,SD,Acute Care Hospitals,Government - Hospital District or Authority,Yes,2
100567,SAMPLE HOSPITAL 568,SC,Critical Access Hospitals,Voluntary non-profit - Private,Yes,5
100568,SAMPLE HOSPITAL 569,NJ,Acute Care Hospitals,Voluntary non-profit - Private,Yes,
100569,SAMPLE HOSPITAL 570,KS,Acute Care Hospitals,Voluntary non-profit - Private,Yes,2
100570,SAMPLE HOSPITAL 571,NC,Acute Care Hospitals,Voluntary non-profit - Private,Yes,3
100571,SAMPLE HOSPITAL 572,NH,Acute Care Hospitals,Voluntary non-profit - Private,Yes,4
100572,SAMPLE HOSPITAL 573,ME,Critical Access Hospitals,Voluntary non-profit - Private,No,4
100573,SAMPLE HOSPITAL 574,UT,Critical Access Hospitals,Voluntary non-profit - Private,Yes,3
100574,SAMPLE HOSPITAL 575,NE,Acute Care Hospitals,Proprietary,No,3
100575,SAMPLE HOSPITAL 576,MD,Critical Access Hospitals,Voluntary non-profit - Private,Yes,3
100576,SAMPLE HOSPITAL 577,NJ,Critical Access Hospitals,Government - Hospital District or Authority,Yes,3
100577,SAMPLE HOSPITAL 578,KS,Acute Care Hospitals,Physician,Yes,3
100578,SAMPLE HOSPITAL 579,MS,Critical Access Hospitals,Government - Hospital District or Authority,No,
100579,SAMPLE HOSPITAL 580,MA,Acute Care Hospitals,Government - State,Yes,3
100580,SAMPLE HOSPITAL 581,OR,Acute Care Hospitals,Voluntary non-profit - Private,Yes,5
100581,SAMPLE HOSPITAL 582,NH,Acute Care Hospitals,Government - Hospital District or Authority,Yes,3
100582,SAMPLE HOSPITAL 583,AK,Acute Care Hospitals,Proprietary,Yes,1
100583,SAMPLE HOSPITAL 584,TX,Acute Care Hospitals,Voluntary non-profit - Private,No,3
100584,SAMPLE HOSPITAL 585,OK,Critical Access Hospitals,Voluntary non-profit - Other,No,2
100585,SAMPLE HOSPITAL 586,FL,Acute Care Hospitals,Voluntary non-profit - Private,No,5
100586,SAMPLE HOSPITAL 587,CO,Acute Care Hospitals,Government - Local,Yes,1
100587,SAMPLE HOSPITAL 588,OK,Acute Care Hospitals,Voluntary non-profit - Private,Yes,3
100588,SAMPLE HOSPITAL 589,GA,Acute Care Hospitals,Proprietary,Yes,3
100589,SAMPLE HOSPITAL 590,AK,Critical Access Hospitals,Proprietary,No,2
100590,SAMPLE HOSPITAL 591,VT,Acute Care Hospitals,Voluntary non-profit - Private,Yes,3
100591,SAMPLE HOSPITAL 592,NE,Acute Care Hospitals,Voluntary non-profit - Private,Yes,4
100592,SAMPLE HOSPITAL 593,WI,Acute Care Hospitals,Proprietary,Yes,2
100593,SAMPLE HOSPITAL 594,OH,Acute Care Hospitals,Voluntary non-profit - Private,Yes,4
100594,SAMPLE HOSPITAL 595,CT,Critical Access Hospitals,Proprietary,Yes,1
100595,SAMPLE HOSPITAL 596,NE,Acute Care Hospitals,Voluntary non-profit - Private,No,1
100596,SAMPLE HOSPITAL 597,RI,Acute Care Hospitals,Proprietary,Yes,4
100597,SAMPLE HOSPITAL 598,FL,Acute Care Hospitals,Voluntary non-profit - Church,No,3
100598,SAMPLE HOSPITAL 599,AZ,Acute Care Hospitals,Voluntary non-profit - Private,Yes,3
100599,SAMPLE HOSPITAL 600,DE,Acute Care Hospitals,Voluntary non-profit - Private,Yes,2
100600,SAMPLE HOSPITAL 601,NC,Critical Access Hospitals,Proprietary,Yes,3
100601,SAMPLE HOSPITAL 602,IN,Acute Care Hospitals,Voluntary non-profit - Private,Yes,4
100602,SAMPLE HOSPITAL 603,MO,Acute Care Hospitals,Voluntary non-profit - Private,Yes,2
100603,SAMPLE HOSPITAL 604,OK,Acute Care Hospitals,Proprietary,No,4
100604,SAMPLE HOSPITAL 605,IA,Critical Access Hospitals,Voluntary non-profit - Church,Yes,4
100605,SAMPLE HOSPITAL 606,MT,Acute Care Hospitals,Voluntary non-profit - Private,Yes,3
100606,SAMPLE HOSPITAL 607,CA,Acute Care Hospitals,Government - Hospital District or Authority,Yes,3
100607,SAMPLE HOSPITAL 608,WI,Acute Care Hospitals,Voluntary non-profit - Church,Yes,4
100608,SAMPLE HOSPITAL 609,GA,Acute Care Hospitals,Physician,No,3
100610,SAMPLE HOSPITAL 611,IL,Acute Care Hospitals,Voluntary non-profit - Private,Yes,3
100611,SAMPLE HOSPITAL 612,NV,Critical Access Hospitals,Voluntary non-profit - Private,No,2
100612,SAMPLE HOSPITAL 613,FL,Acute Care Hospitals,Proprietary,No,1
100613,SAMPLE HOSPITAL 614,NM,Acute Care Hospitals,Voluntary non-profit - Private,Yes,3
100614,SAMPLE HOSPITAL 615,AK,Acute Care Hospitals,Proprietary,No,4
100615,SAMPLE HOSPITAL 616,CT,Acute Care Hospitals,Proprietary,Yes,3
100616,SAMPLE HOSPITAL 617,DE,Acute Care Hospitals,Government - State,Yes,4
100617,SAMPLE HOSPITAL 618,AK,Acute Care Hospitals,Voluntary non-profit - Church,Yes,4
100618,SAMPLE HOSPITAL 619,HI,Acute Care Hospitals,Government - Local,Yes,4
100619,SAMPLE HOSPITAL 620,ME,Acute Care Hospitals,Proprietary,Yes,4
100620,SAMPLE HOSPITAL 621,CA,Critical Access Hospitals,Voluntary non-profit - Church,Yes,
100621,SAMPLE HOSPITAL 622,NV,Acute Care Hospitals,Proprietary,Yes,3
100622,SAMPLE HOSPITAL 623,SD,Critical Access Hospitals,Proprietary,No,3
100623,SAMPLE HOSPITAL 624,OR,Critical Access Hospitals,Voluntary non-profit - Other,Yes,2
100624,SAMPLE HOSPITAL 625,SD,Acute Care Hospitals,Voluntary non-profit - Private,Yes,2
100625,SAMPLE HOSPITAL 626,MD,Acute Care Hospitals,Voluntary non-profit - Private,Yes,
100626,SAMPLE HOSPITAL 627,LA,Acute Care Hospitals,Government - Local,Yes,2
100627,SAMPLE HOSPITAL 628,MA,Acute Care Hospitals,Voluntary non-profit - Private,Yes,4
100628,SAMPLE HOSPITAL 629,ND,Acute Care Hospitals,Proprietary,Yes,2
100629,SAMPLE HOSPITAL 630,MI,Acute Care Hospitals,Voluntary non-profit - Private,No,3
100630,SAMPLE HOSPITAL 631,KY,Acute Care Hospitals,Voluntary non-profit - Private,Yes,4
100631,SAMPLE HOSPITAL 632,MS,Acute Care Hospitals,Voluntary non-profit - Private,Yes,4
100632,SAMPLE HOSPITAL 633,KY,Critical Access Hospitals,Voluntary non-profit - Other,Yes,3
100633,SAMPLE HOSPITAL 634,MD,Critical Access Hospitals,Government - Hospital District or Authority,No,4
100634,SAMPLE HOSPITAL 635,AZ,Critical Access Hospitals,Voluntary non-profit - Private,No,2
100635,SAMPLE HOSPITAL 636,CT,Acute Care Hospitals,Voluntary non-profit - Private,Yes,4
100636,SAMPLE HOSPITAL 637,TN,Acute Care Hospitals,Voluntary non-profit - Private,Yes,2
100637,SAMPLE HOSPITAL 638,RI,Critical Access Hospitals,Government - Hospital District or Authority,Yes,3
100638,SAMPLE HOSPITAL 639,CO,Acute Care Hospitals,Government - Federal,Yes,3
100640,SAMPLE HOSPITAL 641,WY,Acute Care Hospitals,Voluntary non-profit - Private,No,3
100641,SAMPLE HOSPITAL 642,MO,Acute Care Hospitals,Voluntary non-profit - Private,Yes,2
100642,SAMPLE HOSPITAL 643,KY,Acute Care Hospitals,Voluntary non-profit - Church,Yes,2
100643,SAMPLE HOSPITAL 644,VT,Acute Care Hospitals,Government - Federal,No,4
100644,SAMPLE HOSPITAL 645,MN,Critical Access Hospitals,Proprietary,Yes,3
100645,SAMPLE HOSPITAL 646,KY,Acute Care Hospitals,Voluntary non-profit - Private,Yes,3
100646,SAMPLE HOSPITAL 647,NY,Critical Access Hospitals,Proprietary,Yes,3
100647,SAMPLE HOSPITAL 648,ND,Acute Care Hospitals,Government - Hospital District or Authority,Yes,4
100648,SAMPLE HOSPITAL 649,IL,Acute Care Hospitals,Tribal,No,5
100649,SAMPLE HOSPITAL 650,AZ,Acute Care Hospitals,Voluntary non-profit - Private,Yes,3
100650,SAMPLE HOSPITAL 651,ID,Acute Care Hospitals,Tribal,Yes,3
100651,SAMPLE HOSPITAL 652,ND,Acute Care Hospitals,Voluntary non-profit - Private,Yes,3
100652,SAMPLE HOSPITAL 653,MA,Critical Access Hospitals,Proprietary,Yes,4
100653,SAMPLE HOSPITAL 654,MI,Acute Care Hospitals,Physician,No,4
100654,SAMPLE HOSPITAL 655,CO,Acute Care Hospitals,Voluntary non-profit - Private,Yes,4
100655,SAMPLE HOSPITAL 656,DE,Acute Care Hospitals,Voluntary non-profit - Private,Yes,2
100656,SAMPLE HOSPITAL 657,NY,Acute Care Hospitals,Voluntary non-profit - Private,Yes,3
100657,SAMPLE HOSPITAL 658,NV,Critical Access Hospitals,Proprietary,Yes,2
100658,SAMPLE HOSPITAL 659,ME,Acute Care Hospitals,Voluntary non-profit - Private,Yes,2
100659,SAMPLE HOSPITAL 660,ND,Acute Care Hospitals,Proprietary,Yes,2
100660,SAMPLE HOSPITAL 661,MN,Acute Care Hospitals,Voluntary non-profit - Private,No,3
100661,SAMPLE HOSPITAL 662,AZ,Acute Care Hospitals,Physician,Yes,2
100662,SAMPLE HOSPITAL 663,IN,Acute Care Hospitals,Voluntary non-profit - Private,Yes,2
100663,SAMPLE HOSPITAL 664,AL,Acute Care Hospitals,Physician,Yes,2
100664,SAMPLE HOSPITAL 665,VT,Acute Care Hospitals,Voluntary non-profit - Private,Yes,3
100665,SAMPLE HOSPITAL 666,VT,Acute Care Hospitals,Voluntary non-profit - Church,No,2
100666,SAMPLE HOSPITAL 667,NV,Acute Care Hospitals,Government - Local,Yes,1
100667,SAMPLE HOSPITAL 668,MI,Acute Care Hospitals,Voluntary non-profit - Private,No,1
100668,SAMPLE HOSPITAL 669,MT,Acute Care Hospitals,Proprietary,Yes,2
100669,SAMPLE HOSPITAL 670,NV,Acute Care Hospitals,Voluntary non-profit - Church,No,4
100670,SAMPLE HOSPITAL 671,AK,Acute Care Hospitals,Proprietary,No,3
100671,SAMPLE HOSPITAL 672,FL,Acute Care Hospitals,Physician,Yes,3
100672,SAMPLE HOSPITAL 673,SC,Acute Care Hospitals,Voluntary non-profit - Church,No,3
100673,SAMPLE HOSPITAL 674,NY,Acute Care Hospitals,Proprietary,Yes,4
100674,SAMPLE HOSPITAL 675,OK,Critical Access Hospitals,Voluntary non-profit - Private,Yes,
100675,SAMPLE HOSPITAL 676,VT,Acute Care Hospitals,Physician,Yes,4
100676,SAMPLE HOSPITAL 677,CT,Acute Care Hospitals,Proprietary,No,4
100677,SAMPLE HOSPITAL 678,WI,Acute Care Hospitals,Government - Local,No,4
100678,SAMPLE HOSPITAL 679,NE,Acute Care Hospitals,Voluntary non-profit - Private,No,4
100679,SAMPLE HOSPITAL 680,IA,Acute Care Hospitals,Proprietary,Yes,1
100680,SAMPLE HOSPITAL 681,NH,Acute Care Hospitals,Proprietary,Yes,4
100681,SAMPLE HOSPITAL 682,OR,Acute Care Hospitals,Voluntary non-profit - Other,Yes,2
100682,SAMPLE HOSPITAL 683,WA,Acute Care Hospitals,Government - Hospital District or Authority,No,3
100683,SAMPLE HOSPITAL 684,VT,Acute Care Hospitals,Proprietary,No,3
100684,SAMPLE HOSPITAL 685,WA,Acute Care Hospitals,Proprietary,Yes,3
100685,SAMPLE HOSPITAL 686,AK,Acute Care Hospitals,Voluntary non-profit - Church,Yes,4
100686,SAMPLE HOSPITAL 687,MS,Acute Care Hospitals,Voluntary non-profit - Private,Yes,2
100687,SAMPLE HOSPITAL 688,WV,Acute Care Hospitals,Government - Hospital District or Authority,Yes,4
100688,SAMPLE HOSPITAL 689,VA,Acute Care Hospitals,Voluntary non-profit - Other,No,4
100689,SAMPLE HOSPITAL 690,CO,Acute Care Hospitals,Voluntary non-profit - Other,No,
100690,SAMPLE HOSPITAL 691,KY,Acute Care Hospitals,Voluntary non-profit - Church,Yes,2
100691,SAMPLE HOSPITAL 692,VT,Acute Care Hospitals,Voluntary non-profit - Private,Yes,3
100692,SAMPLE HOSPITAL 693,AZ,Acute Care Hospitals,Voluntary non-profit - Private,No,3
100693,SAMPLE HOSPITAL 694,AR,Acute Care Hospitals,Voluntary non-profit - Private,No,
100694,SAMPLE HOSPITAL 695,MI,Acute Care Hospitals,Voluntary non-profit - Church,Yes,2
100695,SAMPLE HOSPITAL 696,CO,Acute Care Hospitals,Physician,No,4
100696,SAMPLE HOSPITAL 697,WV,Acute Care Hospitals,Proprietary,Yes,3
100697,SAMPLE HOSPITAL 698,IL,Acute Care Hospitals,Proprietary,Yes,3
100698,SAMPLE HOSPITAL 699,AK,Acute Care Hospitals,Proprietary,No,3
100699,SAMPLE HOSPITAL 700,AK,Acute Care Hospitals,Physician,Yes,4
100700,SAMPLE HOSPITAL 701,ME,Acute Care Hospitals,Voluntary non-profit - Private,Yes,4
100701,SAMPLE HOSPITAL 702,MD,Critical Access Hospitals,Voluntary non-profit - Private,Yes,4
100702,SAMPLE HOSPITAL 703,KS,Acute Care Hospitals,Voluntary non-profit - Other,No,4
100703,SAMPLE HOSPITAL 704,AK,Acute Care Hospitals,Voluntary non-profit - Other,Yes,3
100704,SAMPLE HOSPITAL 705,SD,Critical Access Hospitals,Proprietary,Yes,4
100705,SAMPLE HOSPITAL 706,AL,Acute Care Hospitals,Government - State,Yes,5
100706,SAMPLE HOSPITAL 707,RI,Acute Care Hospitals,Voluntary non-profit - Private,Yes,4
100707,SAMPLE HOSPITAL 708,FL,Critical Access Hospitals,Proprietary,No,4
100708,SAMPLE HOSPITAL 709,LA,Acute Care Hospitals,Voluntary non-profit - Private,No,4
100709,SAMPLE HOSPITAL 710,AL,Acute Care Hospitals,Proprietary,Yes,4
100710,SAMPLE HOSPITAL 711,OH,Acute Care Hospitals,Voluntary non-profit - Private,Yes,2
100711,SAMPLE HOSPITAL 712,DE,Acute Care Hospitals,Government - State,Yes,
100712,SAMPLE HOSPITAL 713,IL,Acute Care Hospitals,Voluntary non-profit - Private,Yes,1
100713,SAMPLE HOSPITAL 714,NY,Acute Care Hospitals,Voluntary non-profit - Church,Yes,3
100714,SAMPLE HOSPITAL 715,TX,Acute Care Hospitals,Voluntary non-profit - Private,Yes,4
100715,SAMPLE HOSPITAL 716,ND,Acute Care Hospitals,Proprietary,Yes,4
100716,SAMPLE HOSPITAL 717,NV,Acute Care Hospitals,Voluntary non-profit - Private,Yes,4
100717,SAMPLE HOSPITAL 718,AR,Acute Care Hospitals,Government - Hospital District or Authority,No,4
100718,SAMPLE HOSPITAL 719,CA,Acute Care Hospitals,Government - Hospital District or Authority,Yes,3
100719,SAMPLE HOSPITAL 720,KY,Acute Care Hospitals,Voluntary non-profit - Private,No,3
100720,SAMPLE HOSPITAL 721,PA,Acute Care Hospitals,Government - Hospital District or Authority,Yes,2
100721,SAMPLE HOSPITAL 722,MD,Critical Access Hospitals,Voluntary non-profit - Other,No,
100722,SAMPLE HOSPITAL 723,IA,Acute Care Hospitals,Proprietary,Yes,3
100723,SAMPLE HOSPITAL 724,NJ,Critical Access Hospitals,Voluntary non-profit - Private,Yes,3
100724,SAMPLE HOSPITAL 725,MN,Acute Care Hospitals,Physician,Yes,4
100725,SAMPLE HOSPITAL 726,MD,Acute Care Hospitals,Physician,Yes,4
100726,SAMPLE HOSPITAL 727,AR,Acute Care Hospitals,Voluntary non-profit - Private,Yes,4
100727,SAMPLE HOSPITAL 728,TX,Acute Care Hospitals,Voluntary non-profit - Private,Yes,3
100728,SAMPLE HOSPITAL 729,NE,Acute Care Hospitals,Voluntary non-profit - Church,Yes,3
100729,SAMPLE HOSPITAL 730,KS,Acute Care Hospitals,Government - Local,Yes,2
100730,SAMPLE HOSPITAL 731,MS,Acute Care Hospitals,Voluntary non-profit - Private,Yes,2
100731,SAMPLE HOSPITAL 732,KY,Critical Access Hospitals,Government - State,Yes,
100732,SAMPLE HOSPITAL 733,UT,Acute Care Hospitals,Voluntary non-profit - Private,No,4
100733,SAMPLE HOSPITAL 734,VA,Acute Care Hospitals,Physician,Yes,1
100734,SAMPLE HOSPITAL 735,AZ,Acute Care Hospitals,Voluntary non-profit - Private,No,4
100735,SAMPLE HOSPITAL 736,IN,Acute Care Hospitals,Voluntary non-profit - Private,No,2
100736,SAMPLE HOSPITAL 737,ID,Acute Care Hospitals,Voluntary non-profit - Other,Yes,3
100737,SAMPLE HOSPITAL 738,IN,Critical Access Hospitals,Voluntary non-profit - Private,Yes,3
100738,SAMPLE HOSPITAL 739,FL,Acute Care Hospitals,Voluntary non-profit - Private,No,
100739,SAMPLE HOSPITAL 740,NJ,Acute Care Hospitals,Voluntary non-profit - Private,Yes,
100740,SAMPLE HOSPITAL 741,MN,Acute Care Hospitals,Voluntary non-profit - Private,Yes,3
100741,SAMPLE HOSPITAL 742,MI,Critical Access Hospitals,Tribal,Yes,3
100742,SAMPLE HOSPITAL 743,AL,Critical Access Hospitals,Government - Hospital District or Authority,Yes,5
100743,SAMPLE HOSPITAL 744,NM,Acute Care Hospitals,Proprietary,No,2
100744,SAMPLE HOSPITAL 745,WA,Critical Access Hospitals,Voluntary non-profit - Other,No,4
100745,SAMPLE HOSPITAL 746,NH,Acute Care Hospitals,Voluntary non-profit - Other,No,2
100746,SAMPLE HOSPITAL 747,WI,Critical Access Hospitals,Voluntary non-profit - Private,Yes,3
100747,SAMPLE HOSPITAL 748,OR,Acute Care Hospitals,Voluntary non-profit - Private,Yes,3
100748,SAMPLE HOSPITAL 749,MI,Acute Care Hospitals,Voluntary non-profit - Church,Yes,
100749,SAMPLE HOSPITAL 750,IL,Acute Care Hospitals,Voluntary non-profit - Private,Yes,3
100750,SAMPLE HOSPITAL 751,HI,Acute Care Hospitals,Government - State,Yes,2
100751,SAMPLE HOSPITAL 752,FL,Acute Care Hospitals,Proprietary,No,5
100752,SAMPLE HOSPITAL 753,LA,Acute Care Hospitals,Voluntary non-profit - Church,No,3
100753,SAMPLE HOSPITAL 754,OR,Acute Care Hospitals,Government - Local,Yes,4
100754,SAMPLE HOSPITAL 755,NE,Acute Care Hospitals,Government - Federal,Yes,3
100755,SAMPLE HOSPITAL 756,HI,Acute Care Hospitals,Voluntary non-profit - Private,No,4
100756,SAMPLE HOSPITAL 757,NE,Acute Care Hospitals,Proprietary,No,2
100757,SAMPLE HOSPITAL 758,MO,Acute Care Hospitals,Voluntary non-profit - Private,No,3
100758,SAMPLE HOSPITAL 759,NY,Acute Care Hospitals,Government - Local,Yes,2
100759,SAMPLE HOSPITAL 760,ID,Acute Care Hospitals,Voluntary non-profit - Private,Yes,3
100760,SAMPLE HOSPITAL 761,ID,Acute Care Hospitals,Proprietary,Yes,3
100761,SAMPLE HOSPITAL 762,MO,Acute Care Hospitals,Voluntary non-profit - Private,Yes,2
100762,SAMPLE HOSPITAL 763,IL,Critical Access Hospitals,Voluntary non-profit - Private,Yes,4
100763,SAMPLE HOSPITAL 764,AZ,Acute Care Hospitals,Proprietary,No,2
100764,SAMPLE HOSPITAL 765,DE,Acute Care Hospitals,Proprietary,Yes,3
100765,SAMPLE HOSPITAL 766,TN,Acute Care Hospitals,Government - Hospital District or Authority,Yes,3
100766,SAMPLE HOSPITAL 767,KY,Critical Access Hospitals,Voluntary non-profit - Church,Yes,3
100767,SAMPLE HOSPITAL 768,AK,Acute Care Hospitals,Tribal,Yes,3
100768,SAMPLE HOSPITAL 769,AK,Acute Care Hospitals,Voluntary non-profit - Private,Yes,3
100769,SAMPLE HOSPITAL 770,MO,Acute Care Hospitals,Proprietary,No,3
100770,SAMPLE HOSPITAL 771,TN,Critical Access Hospitals,Tribal,Yes,4
100771,SAMPLE HOSPITAL 772,RI,Acute Care Hospitals,Physician,Yes,
100772,SAMPLE HOSPITAL 773,SD,Acute Care Hospitals,Voluntary non-profit - Other,No,3
100773,SAMPLE HOSPITAL 774,MD,Acute Care Hospitals,Government - Local,No,1
100774,SAMPLE HOSPITAL 775,CO,Acute Care Hospitals,Physician,No,2
100775,SAMPLE HOSPITAL 776,AK,Acute Care Hospitals,Voluntary non-profit - Other,Yes,3
100776,SAMPLE HOSPITAL 777,NJ,Acute Care Hospitals,Government - State,Yes,3
100777,SAMPLE HOSPITAL 778,AL,Acute Care Hospitals,Voluntary non-profit - Private,Yes,3
100778,SAMPLE HOSPITAL 779,NE,Acute Care Hospitals,Physician,Yes,5
100779,SAMPLE HOSPITAL 780,NC,Acute Care Hospitals,Government - State,Yes,3
100780,SAMPLE HOSPITAL 781,SD,Acute Care Hospitals,Proprietary,Yes,3
100781,SAMPLE HOSPITAL 782,AL,Critical Access Hospitals,Government - Local,Yes,2
100782,SAMPLE HOSPITAL 783,NV,Critical Access Hospitals,Proprietary,Yes,3
100783,SAMPLE HOSPITAL 784,CT,Acute Care Hospitals,Tribal,No,4
100784,SAMPLE HOSPITAL 785,AL,Acute Care Hospitals,Voluntary non-profit - Private,Yes,2
100785,SAMPLE HOSPITAL 786,VA,Acute Care Hospitals,Government - Hospital District or Authority,Yes,3
100786,SAMPLE HOSPITAL 787,KY,Acute Care Hospitals,Voluntary non-profit - Private,Yes,
100787,SAMPLE HOSPITAL 788,MI,Acute Care Hospitals,Physician,Yes,
100788,SAMPLE HOSPITAL 789,CT,Acute Care Hospitals,Voluntary non-profit - Church,Yes,3
100789,SAMPLE HOSPITAL 790,RI,Acute Care Hospitals,Voluntary non-profit - Private,Yes,3
100790,SAMPLE HOSPITAL 791,MI,Acute Care Hospitals,Proprietary,Yes,
100791,SAMPLE HOSPITAL 792,MS,Acute Care Hospitals,Proprietary,Yes,2
100792,SAMPLE HOSPITAL 793,AK,Acute Care Hospitals,Government - Federal,No,3
100793,SAMPLE HOSPITAL 794,TX,Acute Care Hospitals,Proprietary,Yes,2
100794,SAMPLE HOSPITAL 795,FL,Critical Access Hospitals,Voluntary non-profit - Church,Yes,1
100795,SAMPLE HOSPITAL 796,KS,Acute Care Hospitals,Voluntary non-profit - Private,Yes,3
100796,SAMPLE HOSPITAL 797,MO,Acute Care Hospitals,Proprietary,Yes,4
100797,SAMPLE HOSPITAL 798,VT,Acute Care Hospitals,Government - State,No,
100798,SAMPLE HOSPITAL 799,TN,Acute Care Hospitals,Voluntary non-profit - Private,Yes,3
100799,SAMPLE HOSPITAL 800,MI,Acute Care Hospitals,Voluntary non-profit - Private,Yes,4
100800,SAMPLE HOSPITAL 801,PA,Acute Care Hospitals,Proprietary,Yes,2
100801,SAMPLE HOSPITAL 802,CT,Acute Care Hospitals,Proprietary,Yes,3
100802,SAMPLE HOSPITAL 803,WV,Critical Access Hospitals,Voluntary non-profit - Private,No,2
100803,SAMPLE HOSPITAL 804,SD,Acute Care Hospitals,Government - Hospital District or Authority,Yes,3
100804,SAMPLE HOSPITAL 805,VT,Acute Care Hospitals,Government - Hospital District or Authority,Yes,4
100805,SAMPLE HOSPITAL 806,AK,Acute Care Hospitals,Proprietary,Yes,2
100806,SAMPLE HOSPITAL 807,VT,Acute Care Hospitals,Government - Local,Yes,5
100807,SAMPLE HOSPITAL 808,NJ,Acute Care Hospitals,Proprietary,Yes,4
100808,SAMPLE HOSPITAL 809,WA,Acute Care Hospitals,Voluntary non-profit - Private,Yes,5
100809,SAMPLE HOSPITAL 810,NM,Acute Care Hospitals,Voluntary non-profit - Church,Yes,2
100810,SAMPLE HOSPITAL 811,TN,Acute Care Hospitals,Proprietary,No,4
100811,SAMPLE HOSPITAL 812,MS,Acute Care Hospitals,Voluntary non-profit - Other,No,2
100812,SAMPLE HOSPITAL 813,MD,Acute Care Hospitals,Government - Hospital District or Authority,Yes,4
100813,SAMPLE HOSPITAL 814,MT,Acute Care Hospitals,Voluntary non-profit - Private,Yes,2
100814,SAMPLE HOSPITAL 815,TX,Acute Care Hospitals,Voluntary non-profit - Private,Yes,2
100815,SAMPLE HOSPITAL 816,CO,Acute Care Hospitals,Government - Federal,Yes,3
100816,SAMPLE HOSPITAL 817,KS,Acute Care Hospitals,Proprietary,Yes,3
100817,SAMPLE HOSPITAL 818,ND,Acute Care Hospitals,Voluntary non-profit - Private,Yes,3
100818,SAMPLE HOSPITAL 819,FL,Acute Care Hospitals,Voluntary non-profit - Private,No,3
100819,SAMPLE HOSPITAL 820,TN,Critical Access Hospitals,Proprietary,Yes,3
100820,SAMPLE HOSPITAL 821,VA,Acute Care Hospitals,Tribal,No,3
100821,SAMPLE HOSPITAL 822,MO,Acute Care Hospitals,Voluntary non-profit - Private,Yes,2
100822,SAMPLE HOSPITAL 823,WY,Acute Care Hospitals,Government - State,Yes,3
100823,SAMPLE HOSPITAL 824,ND,Acute Care Hospitals,Proprietary,Yes,2
100824,SAMPLE HOSPITAL 825,HI,Acute Care Hospitals,Proprietary,No,2
100825,SAMPLE HOSPITAL 826,NM,Acute Care Hospitals,Government - State,Yes,3
100826,SAMPLE HOSPITAL 827,VA,Acute Care Hospitals,Voluntary non-profit - Church,Yes,4
100827,SAMPLE HOSPITAL 828,LA,Critical Access Hospitals,Proprietary,Yes,3
100828,SAMPLE HOSPITAL 829,WA,Critical Access Hospitals,Government - Hospital District or Authority,Yes,4
100829,SAMPLE HOSPITAL 830,NV,Acute Care Hospitals,Voluntary non-profit - Private,Yes,3
100830,SAMPLE HOSPITAL 831,WV,Acute Care Hospitals,Voluntary non-profit - Private,No,1
100831,SAMPLE HOSPITAL 832,HI,Critical Access Hospitals,Proprietary,Yes,
100832,SAMPLE HOSPITAL 833,NV,Acute Care Hospitals,Voluntary non-profit - Private,Yes,3
100833,SAMPLE HOSPITAL 834,WV,Acute Care Hospitals,Government - State,No,2
100834,SAMPLE HOSPITAL 835,SC,Acute Care Hospitals,Proprietary,Yes,4
100835,SAMPLE HOSPITAL 836,NE,Acute Care Hospitals,Voluntary non-profit - Private,No,3
100836,SAMPLE HOSPITAL 837,ID,Acute Care Hospitals,Voluntary non-profit - Private,Yes,5
100837,SAMPLE HOSPITAL 838,AZ,Critical Access Hospitals,Physician,Yes,3
100838,SAMPLE HOSPITAL 839,DE,Acute Care Hospitals,Government - State,No,3
100839,SAMPLE HOSPITAL 840,FL,Acute Care Hospitals,Voluntary non-profit - Private,Yes,1
100840,SAMPLE HOSPITAL 841,NV,Acute Care Hospitals,Voluntary non-profit - Private,Yes,4
100841,SAMPLE HOSPITAL 842,VT,Acute Care Hospitals,Voluntary non-profit - Church,Yes,3
100842,SAMPLE HOSPITAL 843,IL,Acute Care Hospitals,Voluntary non-profit - Private,Yes,4
100843,SAMPLE HOSPITAL 844,MO,Acute Care Hospitals,Voluntary non-profit - Church,Yes,2
100844,SAMPLE HOSPITAL 845,MD,Acute Care Hospitals,Voluntary non-profit - Private,Yes,4
100845,SAMPLE HOSPITAL 846,RI,Acute Care Hospitals,Government - Local,Yes,
100846,SAMPLE HOSPITAL 847,MS,Acute Care Hospitals,Voluntary non-profit - Private,No,3
100847,SAMPLE HOSPITAL 848,CO,Critical Access Hospitals,Voluntary non-profit - Private,Yes,4
100848,SAMPLE HOSPITAL 849,MD,Acute Care Hospitals,Proprietary,Yes,
100849,SAMPLE HOSPITAL 850,WI,Acute Care Hospitals,Voluntary non-profit - Other,Yes,5
100850,SAMPLE HOSPITAL 851,HI,Acute Care Hospitals,Voluntary non-profit - Other,Yes,4
100851,SAMPLE HOSPITAL 852,HI,Acute Care Hospitals,Voluntary non-profit - Private,Yes,2
100852,SAMPLE HOSPITAL 853,PA,Acute Care Hospitals,Proprietary,Yes,2
100853,SAMPLE HOSPITAL 854,HI,Acute Care Hospitals,Voluntary non-profit - Private,Yes,3
100854,SAMPLE HOSPITAL 855,TN,Acute Care Hospitals,Government - Federal,Yes,3
100855,SAMPLE HOSPITAL 856,WA,Acute Care Hospitals,Voluntary non-profit - Private,Yes,1
100856,SAMPLE HOSPITAL 857,ID,Acute Care Hospitals,Government - Federal,Yes,1
100857,SAMPLE HOSPITAL 858,SD,Acute Care Hospitals,Government - Hospital District or Authority,No,2
100858,SAMPLE HOSPITAL 859,GA,Acute Care Hospitals,Voluntary non-profit - Private,No,2
100859,SAMPLE HOSPITAL 860,WA,Acute Care Hospitals,Voluntary non-profit - Private,Yes,3
100860,SAMPLE HOSPITAL 861,CA,Acute Care Hospitals,Voluntary non-profit - Private,No,3
100861,SAMPLE HOSPITAL 862,AK,Critical Access Hospitals,Proprietary,Yes,5
100862,SAMPLE HOSPITAL 863,CT,Acute Care Hospitals,Voluntary non-profit - Private,Yes,4
100863,SAMPLE HOSPITAL 864,SD,Critical Access Hospitals,Voluntary non-profit - Other,Yes,3
100864,SAMPLE HOSPITAL 865,IA,Critical Access Hospitals,Government - Local,Yes,3
100865,SAMPLE HOSPITAL 866,NY,Acute Care Hospitals,Voluntary non-profit - Private,Yes,3
100866,SAMPLE HOSPITAL 867,AZ,Acute Care Hospitals,Government - Hospital District or Authority,Yes,4
100867,SAMPLE HOSPITAL 868,CT,Acute Care Hospitals,Government - Hospital District or Authority,Yes,4
100868,SAMPLE HOSPITAL 869,WY,Acute Care Hospitals,Physician,Yes,3
100869,SAMPLE HOSPITAL 870,GA,Acute Care Hospitals,Proprietary,No,3
100870,SAMPLE HOSPITAL 871,RI,Acute Care Hospitals,Proprietary,Yes,2
100871,SAMPLE HOSPITAL 872,MO,Acute Care Hospitals,Voluntary non-profit - Private,Yes,3
100872,SAMPLE HOSPITAL 873,AL,Acute Care Hospitals,Government - Local,Yes,4
100873,SAMPLE HOSPITAL 874,ME,Acute Care Hospitals,Voluntary non-profit - Private,Yes,4
100874,SAMPLE HOSPITAL 875,DE,Critical Access Hospitals,Government - Local,Yes,
100875,SAMPLE HOSPITAL 876,GA,Acute Care Hospitals,Government - Hospital District or Authority,Yes,4
100876,SAMPLE HOSPITAL 877,NM,Acute Care Hospitals,Government - Local,Yes,3
100877,SAMPLE HOSPITAL 878,RI,Critical Access Hospitals,Government - State,Yes,5
100878,SAMPLE HOSPITAL 879,VA,Critical Access Hospitals,Government - Hospital District or Authority,No,2
100879,SAMPLE HOSPITAL 880,SC,Acute Care Hospitals,Proprietary,No,3
100880,SAMPLE HOSPITAL 881,MO,Acute Care Hospitals,Proprietary,Yes,3
100881,SAMPLE HOSPITAL 882,AK,Critical Access Hospitals,Voluntary non-profit - Private,Yes,
100882,SAMPLE HOSPITAL 883,SD,Acute Care Hospitals,Tribal,Yes,4
100883,SAMPLE HOSPITAL 884,MT,Acute Care Hospitals,Voluntary non-profit - Private,Yes,3
100884,SAMPLE HOSPITAL 885,NC,Critical Access Hospitals,Voluntary non-profit - Private,Yes,3
100885,SAMPLE HOSPITAL 886,IN,Acute Care Hospitals,Proprietary,Yes,4
100886,SAMPLE HOSPITAL 887,NH,Acute Care Hospitals,Voluntary non-profit - Private,Yes,5
100887,SAMPLE HOSPITAL 888,GA,Acute Care Hospitals,Government - State,No,2
100888,SAMPLE HOSPITAL 889,CT,Acute Care Hospitals,Voluntary non-profit - Church,No,3
100889,SAMPLE HOSPITAL 890,KY,Acute Care Hospitals,Voluntary non-profit - Private,Yes,3
100890,SAMPLE HOSPITAL 891,MT,Acute Care Hospitals,Voluntary non-profit - Other,No,2
100891,SAMPLE HOSPITAL 892,KY,Acute Care Hospitals,Proprietary,Yes,
100892,SAMPLE HOSPITAL 893,GA,Acute Care Hospitals,Voluntary non-profit - Church,No,3
100893,SAMPLE HOSPITAL 894,CT,Acute Care Hospitals,Tribal,No,2
100894,SAMPLE HOSPITAL 895,IN,Acute Care Hospitals,Proprietary,Yes,4
100895,SAMPLE HOSPITAL 896,OR,Acute Care Hospitals,Government - Local,No,1
100896,SAMPLE HOSPITAL 897,LA,Critical Access Hospitals,Voluntary non-profit - Church,No,4
100897,SAMPLE HOSPITAL 898,ND,Acute Care Hospitals,Voluntary non-profit - Private,No,1
100898,SAMPLE HOSPITAL 899,NM,Acute Care Hospitals,Voluntary non-profit - Other,Yes,4
100899,SAMPLE HOSPITAL 900,OK,Critical Access Hospitals,Government - Hospital District or Authority,Yes,3
100900,SAMPLE HOSPITAL 901,AL,Critical Access Hospitals,Voluntary non-profit - Other,Yes,5
100901,SAMPLE HOSPITAL 902,NH,Acute Care Hospitals,Proprietary,Yes,5
100902,SAMPLE HOSPITAL 903,RI,Acute Care Hospitals,Government - Hospital District or Authority,Yes,2
100903,SAMPLE HOSPITAL 904,MD,Acute Care Hospitals,Proprietary,Yes,2
100904,SAMPLE HOSPITAL 905,DE,Acute Care Hospitals,Proprietary,Yes,4
100905,SAMPLE HOSPITAL 906,VT,Acute Care Hospitals,Voluntary non-profit - Other,No,3
100906,SAMPLE HOSPITAL 907,WV,Acute Care Hospitals,Voluntary non-profit - Private,No,5
100907,SAMPLE HOSPITAL 908,IN,Critical Access Hospitals,Voluntary non-profit - Other,No,4
100908,SAMPLE HOSPITAL 909,AL,Acute Care Hospitals,Government - State,No,5
100909,SAMPLE HOSPITAL 910,UT,Critical Access Hospitals,Proprietary,Yes,2
100910,SAMPLE HOSPITAL 911,HI,Acute Care Hospitals,Government - Local,No,5
100911,SAMPLE HOSPITAL 912,FL,Acute Care Hospitals,Proprietary,No,3
100913,SAMPLE HOSPITAL 914,AK,Acute Care Hospitals,Proprietary,Yes,3
100914,SAMPLE HOSPITAL 915,MD,Acute Care Hospitals,Voluntary non-profit - Private,Yes,1
100915,SAMPLE HOSPITAL 916,GA,Acute Care Hospitals,Government - State,Yes,3
100916,SAMPLE HOSPITAL 917,CA,Acute Care Hospitals,Voluntary non-profit - Private,Yes,2
100917,SAMPLE HOSPITAL 918,IN,Acute Care Hospitals,Proprietary,Yes,4
100918,SAMPLE HOSPITAL 919,DE,Acute Care Hospitals,Government - Hospital District or Authority,Yes,4
100919,SAMPLE HOSPITAL 920,IL,Acute Care Hospitals,Voluntary non-profit - Private,Yes,2
100920,SAMPLE HOSPITAL 921,WA,Acute Care Hospitals,Proprietary,No,5
100921,SAMPLE HOSPITAL 922,WV,Acute Care Hospitals,Physician,Yes,3
100922,SAMPLE HOSPITAL 923,PA,Acute Care Hospitals,Voluntary non-profit - Church,Yes,5
100923,SAMPLE HOSPITAL 924,MA,Acute Care Hospitals,Voluntary non-profit - Private,Yes,3
100924,SAMPLE HOSPITAL 925,PA,Acute Care Hospitals,Voluntary non-profit - Private,Yes,2
100925,SAMPLE HOSPITAL 926,NV,Acute Care Hospitals,Voluntary non-profit - Private,Yes,4
100926,SAMPLE HOSPITAL 927,IN,Acute Care Hospitals,Proprietary,Yes,2
100927,SAMPLE HOSPITAL 928,OK,Critical Access Hospitals,Voluntary non-profit - Other,No,
100928,SAMPLE HOSPITAL 929,MA,Acute Care Hospitals,Voluntary non-profit - Private,No,
100929,SAMPLE HOSPITAL 930,HI,Acute Care Hospitals,Proprietary,Yes,
100930,SAMPLE HOSPITAL 931,NJ,Acute Care Hospitals,Voluntary non-profit - Private,No,4
100931,SAMPLE HOSPITAL 932,WA,Acute Care Hospitals,Voluntary non-profit - Private,Yes,3
100932,SAMPLE HOSPITAL 933,VT,Acute Care Hospitals,Tribal,No,3
100933,SAMPLE HOSPITAL 934,IA,Critical Access Hospitals,Voluntary non-profit - Private,Yes,3
100934,SAMPLE HOSPITAL 935,DE,Critical Access Hospitals,Proprietary,Yes,2
100935,SAMPLE HOSPITAL 936,FL,Acute Care Hospitals,Proprietary,Yes,3
100936,SAMPLE HOSPITAL 937,OR,Acute Care Hospitals,Voluntary non-profit - Private,Yes,4
100937,SAMPLE HOSPITAL 938,TX,Acute Care Hospitals,Proprietary,No,4
100938,SAMPLE HOSPITAL 939,MO,Acute Care Hospitals,Voluntary non-profit - Church,Yes,4
100939,SAMPLE HOSPITAL 940,NC,Acute Care Hospitals,Voluntary non-profit - Private,No,1
100940,SAMPLE HOSPITAL 941,HI,Acute Care Hospitals,Voluntary non-profit - Church,Yes,3
100941,SAMPLE HOSPITAL 942,AK,Acute Care Hospitals,Voluntary non-profit - Private,No,3
100942,SAMPLE HOSPITAL 943,NC,Acute Care Hospitals,Government - State,Yes,
100943,SAMPLE HOSPITAL 944,ME,Acute Care Hospitals,Voluntary non-profit - Private,Yes,3
100944,SAMPLE HOSPITAL 945,AR,Critical Access Hospitals,Proprietary,No,4
100945,SAMPLE HOSPITAL 946,MT,Acute Care Hospitals,Proprietary,Yes,3
100946,SAMPLE HOSPITAL 947,WA,Acute Care Hospitals,Proprietary,Yes,4
100947,SAMPLE HOSPITAL 948,ID,Acute Care Hospitals,Voluntary non-profit - Private,Yes,3
100948,SAMPLE HOSPITAL 949,NM,Acute Care Hospitals,Tribal,Yes,3
100949,SAMPLE HOSPITAL 950,ND,Acute Care Hospitals,Voluntary non-profit - Private,No,2
100950,SAMPLE HOSPITAL 951,AL,Critical Access Hospitals,Government - Local,No,4
100951,SAMPLE HOSPITAL 952,DE,Acute Care Hospitals,Voluntary non-profit - Private,No,3
100952,SAMPLE HOSPITAL 953,MS,Acute Care Hospitals,Government - State,Yes,5
100953,SAMPLE HOSPITAL 954,KY,Acute Care Hospitals,Proprietary,Yes,3
100954,SAMPLE HOSPITAL 955,ME,Acute Care Hospitals,Voluntary non-profit - Private,Yes,3
100955,SAMPLE HOSPITAL 956,AL,Acute Care Hospitals,Government - Local,Yes,3
100956,SAMPLE HOSPITAL 957,CO,Acute Care Hospitals,Voluntary non-profit - Private,Yes,3
100957,SAMPLE HOSPITAL 958,KS,Acute Care Hospitals,Proprietary,Yes,4
100958,SAMPLE HOSPITAL 959,PA,Acute Care Hospitals,Voluntary non-profit - Private,No,3
100959,SAMPLE HOSPITAL 960,OH,Acute Care Hospitals,Voluntary non-profit - Church,No,2
100960,SAMPLE HOSPITAL 961,NJ,Acute Care Hospitals,Proprietary,Yes,1
100961,SAMPLE HOSPITAL 962,SC,Acute Care Hospitals,Government - Local,No,3
100962,SAMPLE HOSPITAL 963,AR,Acute Care Hospitals,Government - Local,Yes,2
100963,SAMPLE HOSPITAL 964,WV,Acute Care Hospitals,Government - State,Yes,1
100964,SAMPLE HOSPITAL 965,MD,Acute Care Hospitals,Voluntary non-profit - Private,Yes,2
100965,SAMPLE HOSPITAL 966,RI,Acute Care Hospitals,Voluntary non-profit - Other,Yes,
100966,SAMPLE HOSPITAL 967,MD,Critical Access Hospitals,Proprietary,No,3
100967,SAMPLE HOSPITAL 968,GA,Acute Care Hospitals,Proprietary,No,2
100968,SAMPLE HOSPITAL 969,NM,Acute Care Hospitals,Voluntary non-profit - Private,No,3
100969,SAMPLE HOSPITAL 970,DE,Acute Care Hospitals,Voluntary non-profit - Private,Yes,4
100970,SAMPLE HOSPITAL 971,FL,Acute Care Hospitals,Proprietary,No,4
100971,SAMPLE HOSPITAL 972,NC,Acute Care Hospitals,Government - Hospital District or Authority,Yes,2
100972,SAMPLE HOSPITAL 973,WI,Acute Care Hospitals,Proprietary,Yes,5
100973,SAMPLE HOSPITAL 974,FL,Acute Care Hospitals,Voluntary non-profit - Private,Yes,3
100974,SAMPLE HOSPITAL 975,IA,Critical Access Hospitals,Voluntary non-profit - Private,No,2
100975,SAMPLE HOSPITAL 976,WI,Acute Care Hospitals,Proprietary,Yes,3
100976,SAMPLE HOSPITAL 977,ID,Acute Care Hospitals,Voluntary non-profit - Private,Yes,3
100977,SAMPLE HOSPITAL 978,WV,Acute Care Hospitals,Proprietary,Yes,3
100978,SAMPLE HOSPITAL 979,AZ,Acute Care Hospitals,Government - State,No,4
100979,SAMPLE HOSPITAL 980,IL,Acute Care Hospitals,Voluntary non-profit - Private,Yes,4
100980,SAMPLE HOSPITAL 981,NH,Acute Care Hospitals,Proprietary,Yes,4
100981,SAMPLE HOSPITAL 982,AK,Critical Access Hospitals,Voluntary non-profit - Private,Yes,3
100982,SAMPLE HOSPITAL 983,ND,Acute Care Hospitals,Voluntary non-profit - Private,Yes,3
100983,SAMPLE HOSPITAL 984,IL,Critical Access Hospitals,Proprietary,Yes,3
100984,SAMPLE HOSPITAL 985,KS,Acute Care Hospitals,Voluntary non-profit - Other,Yes,3
100985,SAMPLE HOSPITAL 986,OK,Acute Care Hospitals,Voluntary non-profit - Private,No,2
100986,SAMPLE HOSPITAL 987,MD,Acute Care Hospitals,Voluntary non-profit - Private,No,
100987,SAMPLE HOSPITAL 988,UT,Acute Care Hospitals,Proprietary,Yes,3
100988,SAMPLE HOSPITAL 989,MN,Acute Care Hospitals,Government - Hospital District or Authority,Yes,3
100989,SAMPLE HOSPITAL 990,AL,Acute Care Hospitals,Proprietary,Yes,4
100990,SAMPLE HOSPITAL 991,CA,Critical Access Hospitals,Voluntary non-profit - Private,Yes,3
100991,SAMPLE HOSPITAL 992,MS,Acute Care Hospitals,Government - State,No,3
100992,SAMPLE HOSPITAL 993,LA,Acute Care Hospitals,Voluntary non-profit - Private,Yes,1
100993,SAMPLE HOSPITAL 994,AZ,Acute Care Hospitals,Voluntary non-profit - Other,Yes,
100994,SAMPLE HOSPITAL 995,AR,Acute Care Hospitals,Voluntary non-profit - Other,Yes,3
100995,SAMPLE HOSPITAL 996,TX,Critical Access Hospitals,Government - State,Yes,3
100996,SAMPLE HOSPITAL 997,WI,Acute Care Hospitals,Voluntary non-profit - Private,Yes,2
100997,SAMPLE HOSPITAL 998,OK,Acute Care Hospitals,Proprietary,Yes,3
100998,SAMPLE HOSPITAL 999,HI,Acute Care Hospitals,Voluntary non-profit - Private,Yes,
100999,SAMPLE HOSPITAL 1000,TN,Acute Care Hospitals,Voluntary non-profit - Other,No,4
101000,SAMPLE HOSPITAL 1001,AZ,Acute Care Hospitals,Voluntary non-profit - Private,Yes,3
101001,SAMPLE HOSPITAL 1002,KY,Critical Access Hospitals,Proprietary,Yes,4
101002,SAMPLE HOSPITAL 1003,OK,Acute Care Hospitals,Government - Local,Yes,3
101003,SAMPLE HOSPITAL 1004,OH,Acute Care Hospitals,Voluntary non-profit - Private,No,3
101004,SAMPLE HOSPITAL 1005,CA,Acute Care Hospitals,Voluntary non-profit - Other,Yes,4
101005,SAMPLE HOSPITAL 1006,NM,Acute Care Hospitals,Proprietary,Yes,3
101006,SAMPLE HOSPITAL 1007,IN,Acute Care Hospitals,Physician,Yes,3
101007,SAMPLE HOSPITAL 1008,OR,Acute Care Hospitals,Voluntary non-profit - Church,No,3
101008,SAMPLE HOSPITAL 1009,MA,Acute Care Hospitals,Voluntary non-profit - Private,No,2
101009,SAMPLE HOSPITAL 1010,MA,Acute Care Hospitals,Government - State,No,3
101010,SAMPLE HOSPITAL 1011,RI,Critical Access Hospitals,Voluntary non-profit - Private,No,4
101011,SAMPLE HOSPITAL 1012,UT,Critical Access Hospitals,Proprietary,Yes,4
101012,SAMPLE HOSPITAL 1013,ID,Acute Care Hospitals,Voluntary non-profit - Private,No,3
101013,SAMPLE HOSPITAL 1014,AK,Acute Care Hospitals,Proprietary,Yes,4
101014,SAMPLE HOSPITAL 1015,DE,Acute Care Hospitals,Voluntary non-profit - Private,Yes,3
101015,SAMPLE HOSPITAL 1016,NH,Acute Care Hospitals,Proprietary,Yes,3
101016,SAMPLE HOSPITAL 1017,GA,Acute Care Hospitals,Voluntary non-profit - Church,Yes,3
101017,SAMPLE HOSPITAL 1018,WY,Acute Care Hospitals,Voluntary non-profit - Private,Yes,1
101018,SAMPLE HOSPITAL 1019,WI,Acute Care Hospitals,Proprietary,Yes,1
101019,SAMPLE HOSPITAL 1020,CT,Acute Care Hospitals,Proprietary,Yes,4
101020,SAMPLE HOSPITAL 1021,IA,Acute Care Hospitals,Government - State,Yes,5
101021,SAMPLE HOSPITAL 1022,AL,Acute Care Hospitals,Voluntary non-profit - Church,Yes,2
101023,SAMPLE HOSPITAL 1024,MN,Acute Care Hospitals,Proprietary,Yes,3
101024,SAMPLE HOSPITAL 1025,VA,Acute Care Hospitals,Government - Local,Yes,4
101025,SAMPLE HOSPITAL 1026,SD,Acute Care Hospitals,Voluntary non-profit - Private,No,3
101026,SAMPLE HOSPITAL 1027,ME,Acute Care Hospitals,Voluntary non-profit - Other,No,4
101027,SAMPLE HOSPITAL 1028,OK,Acute Care Hospitals,Proprietary,Yes,4
101028,SAMPLE HOSPITAL 1029,MD,Acute Care Hospitals,Proprietary,Yes,3
101029,SAMPLE HOSPITAL 1030,CT,Acute Care Hospitals,Voluntary non-profit - Private,Yes,1
101030,SAMPLE HOSPITAL 1031,TX,Acute Care Hospitals,Voluntary non-profit - Church,No,2
101031,SAMPLE HOSPITAL 1032,UT,Acute Care Hospitals,Voluntary non-profit - Private,No,4
101032,SAMPLE HOSPITAL 1033,NH,Acute Care Hospitals,Voluntary non-profit - Private,No,4
101033,SAMPLE HOSPITAL 1034,NE,Acute Care Hospitals,Proprietary,Yes,4
101034,SAMPLE HOSPITAL 1035,MO,Acute Care Hospitals,Proprietary,Yes,2
101035,SAMPLE HOSPITAL 1036,OH,Acute Care Hospitals,Voluntary non-profit - Private,Yes,3
101036,SAMPLE HOSPITAL 1037,AL,Acute Care Hospitals,Voluntary non-profit - Private,Yes,2
101037,SAMPLE HOSPITAL 1038,WV,Acute Care Hospitals,Proprietary,No,2
101038,SAMPLE HOSPITAL 1039,AK,Acute Care Hospitals,Voluntary non-profit - Private,Yes,2
101039,SAMPLE HOSPITAL 1040,MA,Acute Care Hospitals,Voluntary non-profit - Other,Yes,4
101040,SAMPLE HOSPITAL 1041,NE,Acute Care Hospitals,Voluntary non-profit - Private,Yes,3
101041,SAMPLE HOSPITAL 1042,NH,Acute Care Hospitals,Government - Hospital District or Authority,Yes,2
101042,SAMPLE HOSPITAL 1043,CT,Acute Care Hospitals,Government - Local,Yes,3
101043,SAMPLE HOSPITAL 1044,AR,Acute Care Hospitals,Voluntary non-profit - Private,Yes,3
101044,SAMPLE HOSPITAL 1045,WI,Acute Care Hospitals,Voluntary non-profit - Church,Yes,4
101045,SAMPLE HOSPITAL 1046,CT,Critical Access Hospitals,Voluntary non-profit - Church,No,3
101046,SAMPLE HOSPITAL 1047,FL,Acute Care Hospitals,Government - State,Yes,3
101047,SAMPLE HOSPITAL 1048,ND,Critical Access Hospitals,Voluntary non-profit - Private,Yes,2
101048,SAMPLE HOSPITAL 1049,NM,Acute Care Hospitals,Proprietary,No,1
101049,SAMPLE HOSPITAL 1050,AL,Acute Care Hospitals,Voluntary non-profit - Private,Yes,
101050,SAMPLE HOSPITAL 1051,OH,Acute Care Hospitals,Government - Local,Yes,
101051,SAMPLE HOSPITAL 1052,SD,Acute Care Hospitals,Proprietary,Yes,3
101052,SAMPLE HOSPITAL 1053,CA,Acute Care Hospitals,Proprietary,No,2
101053,SAMPLE HOSPITAL 1054,MI,Acute Care Hospitals,Voluntary non-profit - Private,Yes,2
101054,SAMPLE HOSPITAL 1055,IN,Acute Care Hospitals,Government - State,Yes,2
101055,SAMPLE HOSPITAL 1056,FL,Acute Care Hospitals,Voluntary non-profit - Other,No,3
101056,SAMPLE HOSPITAL 1057,MN,Critical Access Hospitals,Government - Federal,Yes,3
101057,SAMPLE HOSPITAL 1058,VA,Acute Care Hospitals,Voluntary non-profit - Private,Yes,4
101058,SAMPLE HOSPITAL 1059,NJ,Critical Access Hospitals,Voluntary non-profit - Private,Yes,5
101059,SAMPLE HOSPITAL 1060,ID,Critical Access Hospitals,Government - State,Yes,4
101060,SAMPLE HOSPITAL 1061,RI,Acute Care Hospitals,Voluntary non-profit - Private,Yes,2
101061,SAMPLE HOSPITAL 1062,OR,Critical Access Hospitals,Government - Hospital District or Authority,Yes,2
101062,SAMPLE HOSPITAL 1063,AZ,Critical Access Hospitals,Voluntary non-profit - Private,Yes,3
101063,SAMPLE HOSPITAL 1064,AR,Acute Care Hospitals,Voluntary non-profit - Private,Yes,4
101064,SAMPLE HOSPITAL 1065,VA,Acute Care Hospitals,Voluntary non-profit - Other,Yes,
101065,SAMPLE HOSPITAL 1066,CA,Acute Care Hospitals,Proprietary,No,2
101066,SAMPLE HOSPITAL 1067,ID,Critical Access Hospitals,Voluntary non-profit - Private,Yes,3
101067,SAMPLE HOSPITAL 1068,ID,Acute Care Hospitals,Voluntary non-profit - Private,Yes,3
101068,SAMPLE HOSPITAL 1069,NJ,Acute Care Hospitals,Voluntary non-profit - Private,Yes,3
101069,SAMPLE HOSPITAL 1070,MO,Acute Care Hospitals,Government - Local,Yes,4
101070,SAMPLE HOSPITAL 1071,ME,Critical Access Hospitals,Proprietary,Yes,4
101071,SAMPLE HOSPITAL 1072,AZ,Acute Care Hospitals,Physician,Yes,1
101072,SAMPLE HOSPITAL 1073,CO,Acute Care Hospitals,Voluntary non-profit - Church,Yes,2
101073,SAMPLE HOSPITAL 1074,MS,Acute Care Hospitals,Voluntary non-profit - Church,Yes,4
101074,SAMPLE HOSPITAL 1075,TN,Acute Care Hospitals,Government - Hospital District or Authority,No,2
101075,SAMPLE HOSPITAL 1076,KS,Critical Access Hospitals,Government - Local,Yes,2
101076,SAMPLE HOSPITAL 1077,NE,Acute Care Hospitals,Proprietary,Yes,3
101077,SAMPLE HOSPITAL 1078,OR,Acute Care Hospitals,Government - Hospital District or Authority,Yes,4
101078,SAMPLE HOSPITAL 1079,NJ,Critical Access Hospitals,Voluntary non-profit - Other,Yes,2
101079,SAMPLE HOSPITAL 1080,GA,Acute Care Hospitals,Proprietary,Yes,4
101080,SAMPLE HOSPITAL 1081,NM,Acute Care Hospitals,Government - Hospital District or Authority,Yes,4
101081,SAMPLE HOSPITAL 1082,UT,Acute Care Hospitals,Proprietary,Yes,4
101082,SAMPLE HOSPITAL 1083,RI,Acute Care Hospitals,Voluntary non-profit - Other,Yes,
101083,SAMPLE HOSPITAL 1084,TN,Acute Care Hospitals,Voluntary non-profit - Private,No,3
101084,SAMPLE HOSPITAL 1085,AZ,Acute Care Hospitals,Government - Hospital District or Authority,Yes,3
101085,SAMPLE HOSPITAL 1086,UT,Acute Care Hospitals,Voluntary non-profit - Private,No,4
101086,SAMPLE HOSPITAL 1087,NV,Acute Care Hospitals,Voluntary non-profit - Church,Yes,4
101087,SAMPLE HOSPITAL 1088,WY,Acute Care Hospitals,Proprietary,Yes,4
101088,SAMPLE HOSPITAL 1089,AL,Acute Care Hospitals,Voluntary non-profit - Church,Yes,3
101089,SAMPLE HOSPITAL 1090,NJ,Acute Care Hospitals,Voluntary non-profit - Private,Yes,2
101090,SAMPLE HOSPITAL 1091,OH,Acute Care Hospitals,Voluntary non-profit - Private,Yes,2
101091,SAMPLE HOSPITAL 1092,OH,Acute Care Hospitals,Physician,Yes,4
101092,SAMPLE HOSPITAL 1093,WA,Acute Care Hospitals,Proprietary,Yes,
101093,SAMPLE HOSPITAL 1094,MO,Acute Care Hospitals,Voluntary non-profit - Private,Yes,3
101094,SAMPLE HOSPITAL 1095,WA,Acute Care Hospitals,Proprietary,Yes,3
101095,SAMPLE HOSPITAL 1096,VT,Acute Care Hospitals,Government - Hospital District or Authority,Yes,4
101096,SAMPLE HOSPITAL 1097,NC,Acute Care Hospitals,Voluntary non-profit - Private,Yes,2
101097,SAMPLE HOSPITAL 1098,NJ,Acute Care Hospitals,Voluntary non-profit - Private,Yes,
101098,SAMPLE HOSPITAL 1099,WA,Acute Care Hospitals,Government - State,Yes,3
101099,SAMPLE HOSPITAL 1100,MI,Acute Care Hospitals,Voluntary non-profit - Private,Yes,3
101100,SAMPLE HOSPITAL 1101,TX,Acute Care Hospitals,Tribal,Yes,4
101101,SAMPLE HOSPITAL 1102,MD,Acute Care Hospitals,Physician,No,1
101102,SAMPLE HOSPITAL 1103,KS,Acute Care Hospitals,Voluntary non-profit - Private,Yes,4
101103,SAMPLE HOSPITAL 1104,OR,Acute Care Hospitals,Government - State,Yes,2
101104,SAMPLE HOSPITAL 1105,MA,Acute Care Hospitals,Voluntary non-profit - Church,No,3
101105,SAMPLE HOSPITAL 1106,IA,Acute Care Hospitals,Proprietary,Yes,4
101106,SAMPLE HOSPITAL 1107,WI,Acute Care Hospitals,Proprietary,Yes,3
101107,SAMPLE HOSPITAL 1108,SC,Acute Care Hospitals,Voluntary non-profit - Church,Yes,3
101108,SAMPLE HOSPITAL 1109,MS,Acute Care Hospitals,Government - State,No,2
101109,SAMPLE HOSPITAL 1110,MS,Acute Care Hospitals,Proprietary,No,4
101110,SAMPLE HOSPITAL 1111,KS,Acute Care Hospitals,Government - Hospital District or Authority,Yes,4
101111,SAMPLE HOSPITAL 1112,HI,Acute Care Hospitals,Voluntary non-profit - Other,No,3
101112,SAMPLE HOSPITAL 1113,KY,Acute Care Hospitals,Voluntary non-profit - Other,Yes,4
101113,SAMPLE HOSPITAL 1114,ME,Acute Care Hospitals,Government - Local,Yes,2
101114,SAMPLE HOSPITAL 1115,WA,Acute Care Hospitals,Voluntary non-profit - Private,Yes,3
101115,SAMPLE HOSPITAL 1116,NJ,Acute Care Hospitals,Government - Hospital District or Authority,Yes,3
101116,SAMPLE HOSPITAL 1117,ND,Critical Access Hospitals,Voluntary non-profit - Private,Yes,2
101117,SAMPLE HOSPITAL 1118,NM,Acute Care Hospitals,Voluntary non-profit - Private,Yes,3
101118,SAMPLE HOSPITAL 1119,PA,Critical Access Hospitals,Voluntary non-profit - Other,Yes,2
101119,SAMPLE HOSPITAL 1120,MN,Critical Access Hospitals,Voluntary non-profit - Church,No,4
101120,SAMPLE HOSPITAL 1121,MO,Acute Care Hospitals,Government - Hospital District or Authority,Yes,1
101121,SAMPLE HOSPITAL 1122,TN,Acute Care Hospitals,Government - Hospital District or Authority,Yes,
101122,SAMPLE HOSPITAL 1123,WV,Acute Care Hospitals,Government - Hospital District or Authority,Yes,4
101123,SAMPLE HOSPITAL 1124,AR,Critical Access Hospitals,Government - Local,Yes,4
101124,SAMPLE HOSPITAL 1125,VT,Acute Care Hospitals,Voluntary non-profit - Private,Yes,5
101125,SAMPLE HOSPITAL 1126,IA,Acute Care Hospitals,Government - Hospital District or Authority,Yes,2
101126,SAMPLE HOSPITAL 1127,IL,Acute Care Hospitals,Voluntary non-profit - Other,Yes,3
101127,SAMPLE HOSPITAL 1128,WA,Acute Care Hospitals,Voluntary non-profit - Private,No,4
101128,SAMPLE HOSPITAL 1129,RI,Acute Care Hospitals,Voluntary non-profit - Private,Yes,3
101129,SAMPLE HOSPITAL 1130,SD,Acute Care Hospitals,Voluntary non-profit - Private,No,3
101130,SAMPLE HOSPITAL 1131,UT,Acute Care Hospitals,Voluntary non-profit - Private,Yes,3
101131,SAMPLE HOSPITAL 1132,MA,Acute Care Hospitals,Voluntary non-profit - Private,Yes,4
101132,SAMPLE HOSPITAL 1133,WY,Acute Care Hospitals,Voluntary non-profit - Other,Yes,3
101134,SAMPLE HOSPITAL 1135,AL,Acute Care Hospitals,Proprietary,Yes,4
101135,SAMPLE HOSPITAL 1136,MS,Acute Care Hospitals,Proprietary,No,2
101136,SAMPLE HOSPITAL 1137,LA,Acute Care Hospitals,Proprietary,No,1
101138,SAMPLE HOSPITAL 1139,DE,Acute Care Hospitals,Proprietary,Yes,4
101139,SAMPLE HOSPITAL 1140,NH,Acute Care Hospitals,Voluntary non-profit - Private,Yes,1
101140,SAMPLE HOSPITAL 1141,VT,Acute Care Hospitals,Voluntary non-profit - Church,Yes,3
101141,SAMPLE HOSPITAL 1142,IL,Acute Care Hospitals,Voluntary non-profit - Other,No,
101142,SAMPLE HOSPITAL 1143,NY,Acute Care Hospitals,Tribal,Yes,4
101143,SAMPLE HOSPITAL 1144,OH,Acute Care Hospitals,Government - Hospital District or Authority,Yes,4
101144,SAMPLE HOSPITAL 1145,OR,Acute Care Hospitals,Proprietary,Yes,3
101145,SAMPLE HOSPITAL 1146,ID,Acute Care Hospitals,Voluntary non-profit - Private,No,3
101146,SAMPLE HOSPITAL 1147,AK,Acute Care Hospitals,Voluntary non-profit - Private,Yes,2
101147,SAMPLE HOSPITAL 1148,VA,Acute Care Hospitals,Physician,Yes,5
101148,SAMPLE HOSPITAL 1149,MA,Critical Access Hospitals,Government - Federal,Yes,
101149,SAMPLE HOSPITAL 1150,MO,Acute Care Hospitals,Proprietary,Yes,2
101150,SAMPLE HOSPITAL 1151,CO,Critical Access Hospitals,Voluntary non-profit - Other,Yes,4
101151,SAMPLE HOSPITAL 1152,CO,Acute Care Hospitals,Government - Hospital District or Authority,No,3
101152,SAMPLE HOSPITAL 1153,CT,Acute Care Hospitals,Proprietary,No,1
101153,SAMPLE HOSPITAL 1154,NM,Critical Access Hospitals,Voluntary non-profit - Private,Yes,
101154,SAMPLE HOSPITAL 1155,FL,Acute Care Hospitals,Government - Hospital District or Authority,Yes,5
101155,SAMPLE HOSPITAL 1156,MS,Acute Care Hospitals,Voluntary non-profit - Private,Yes,4
101156,SAMPLE HOSPITAL 1157,HI,Acute Care Hospitals,Voluntary non-profit - Private,Yes,3
101157,SAMPLE HOSPITAL 1158,MI,Acute Care Hospitals,Voluntary non-profit - Private,Yes,1
101158,SAMPLE HOSPITAL 1159,AL,Acute Care Hospitals,Voluntary non-profit - Other,No,3
101159,SAMPLE HOSPITAL 1160,FL,Acute Care Hospitals,Government - Local,Yes,4
101160,SAMPLE HOSPITAL 1161,FL,Critical Access Hospitals,Voluntary non-profit - Private,Yes,3
101161,SAMPLE HOSPITAL 1162,KY,Critical Access Hospitals,Government - Hospital District or Authority,Yes,2
101162,SAMPLE HOSPITAL 1163,MA,Critical Access Hospitals,Voluntary non-profit - Other,Yes,
101163,SAMPLE HOSPITAL 1164,IL,Acute Care Hospitals,Government - Local,Yes,
101164,SAMPLE HOSPITAL 1165,SD,Acute Care Hospitals,Voluntary non-profit - Other,Yes,4
101165,SAMPLE HOSPITAL 1166,TN,Acute Care Hospitals,Proprietary,Yes,4
101166,SAMPLE HOSPITAL 1167,WI,Acute Care Hospitals,Voluntary non-profit - Private,No,2
101167,SAMPLE HOSPITAL 1168,DE,Critical Access Hospitals,Physician,Yes,1
101168,SAMPLE HOSPITAL 1169,MT,Acute Care Hospitals,Voluntary non-profit - Private,Yes,3
101169,SAMPLE HOSPITAL 1170,ND,Critical Access Hospitals,Proprietary,Yes,2
101170,SAMPLE HOSPITAL 1171,HI,Acute Care Hospitals,Voluntary non-profit - Private,No,3
101171,SAMPLE HOSPITAL 1172,IL,Critical Access Hospitals,Voluntary non-profit - Private,Yes,2
101172,SAMPLE HOSPITAL 1173,VA,Acute Care Hospitals,Government - Hospital District or Authority,Yes,3
101173,SAMPLE HOSPITAL 1174,MT,Acute Care Hospitals,Government - State,Yes,5
101174,SAMPLE HOSPITAL 1175,WA,Acute Care Hospitals,Voluntary non-profit - Private,Yes,5
101175,SAMPLE HOSPITAL 1176,ND,Acute Care Hospitals,Voluntary non-profit - Church,Yes,2
101176,SAMPLE HOSPITAL 1177,WI,Acute Care Hospitals,Proprietary,No,3
101177,SAMPLE HOSPITAL 1178,WI,Critical Access Hospitals,Voluntary non-profit - Church,No,4
101178,SAMPLE HOSPITAL 1179,NE,Critical Access Hospitals,Proprietary,Yes,1
101179,SAMPLE HOSPITAL 1180,NE,Acute Care Hospitals,Voluntary non-profit - Other,Yes,2
101180,SAMPLE HOSPITAL 1181,CT,Acute Care Hospitals,Voluntary non-profit - Private,Yes,3
101181,SAMPLE HOSPITAL 1182,PA,Acute Care Hospitals,Proprietary,No,4
101182,SAMPLE HOSPITAL 1183,VA,Acute Care Hospitals,Government - Federal,No,4
101183,SAMPLE HOSPITAL 1184,TX,Critical Access Hospitals,Voluntary non-profit - Private,Yes,4
101184,SAMPLE HOSPITAL 1185,MN,Acute Care Hospitals,Voluntary non-profit - Private,Yes,3
101185,SAMPLE HOSPITAL 1186,WV,Acute Care Hospitals,Government - Local,Yes,2
101186,SAMPLE HOSPITAL 1187,MA,Acute Care Hospitals,Voluntary non-profit - Private,No,4
101187,SAMPLE HOSPITAL 1188,MN,Acute Care Hospitals,Voluntary non-profit - Church,Yes,3
101188,SAMPLE HOSPITAL 1189,WI,Acute Care Hospitals,Government - State,No,3
101189,SAMPLE HOSPITAL 1190,KY,Critical Access Hospitals,Government - Hospital District or Authority,Yes,3
101190,SAMPLE HOSPITAL 1191,MA,Critical Access Hospitals,Tribal,Yes,1
101191,SAMPLE HOSPITAL 1192,IA,Acute Care Hospitals,Proprietary,Yes,4
101192,SAMPLE HOSPITAL 1193,NE,Acute Care Hospitals,Voluntary non-profit - Private,Yes,2
101193,SAMPLE HOSPITAL 1194,KY,Acute Care Hospitals,Government - Hospital District or Authority,Yes,2
101194,SAMPLE HOSPITAL 1195,CT,Acute Care Hospitals,Proprietary,Yes,4
101195,SAMPLE HOSPITAL 1196,NJ,Acute Care Hospitals,Voluntary non-profit - Church,Yes,5
101196,SAMPLE HOSPITAL 1197,MN,Acute Care Hospitals,Voluntary non-profit - Private,Yes,5
101197,SAMPLE HOSPITAL 1198,VA,Acute Care Hospitals,Voluntary non-profit - Private,Yes,2
101198,SAMPLE HOSPITAL 1199,OR,Acute Care Hospitals,Government - Local,Yes,3
101199,SAMPLE HOSPITAL 1200,VA,Acute Care Hospitals,Tribal,Yes,5
101200,SAMPLE HOSPITAL 1201,AK,Acute Care Hospitals,Government - Federal,No,5
101201,SAMPLE HOSPITAL 1202,NE,Acute Care Hospitals,Voluntary non-profit - Private,Yes,3
101202,SAMPLE HOSPITAL 1203,TN,Acute Care Hospitals,Tribal,Yes,
101203,SAMPLE HOSPITAL 1204,UT,Critical Access Hospitals,Physician,Yes,4
101204,SAMPLE HOSPITAL 1205,SD,Acute Care Hospitals,Government - State,Yes,4
101205,SAMPLE HOSPITAL 1206,NC,Acute Care Hospitals,Voluntary non-profit - Private,Yes,2
101206,SAMPLE HOSPITAL 1207,CT,Critical Access Hospitals,Government - Federal,No,1
101207,SAMPLE HOSPITAL 1208,NH,Acute Care Hospitals,Voluntary non-profit - Private,Yes,1
101208,SAMPLE HOSPITAL 1209,NM,Acute Care Hospitals,Proprietary,No,2
101209,SAMPLE HOSPITAL 1210,WI,Critical Access Hospitals,Voluntary non-profit - Other,No,3
101210,SAMPLE HOSPITAL 1211,MO,Acute Care Hospitals,Proprietary,Yes,2
101211,SAMPLE HOSPITAL 1212,IL,Acute Care Hospitals,Voluntary non-profit - Private,Yes,2
101212,SAMPLE HOSPITAL 1213,MO,Acute Care Hospitals,Voluntary non-profit - Private,Yes,3
101213,SAMPLE HOSPITAL 1214,IN,Acute Care Hospitals,Voluntary non-profit - Private,Yes,
101214,SAMPLE HOSPITAL 1215,AZ,Critical Access Hospitals,Government - Local,Yes,2
101215,SAMPLE HOSPITAL 1216,MT,Critical Access Hospitals,Proprietary,Yes,2
101216,SAMPLE HOSPITAL 1217,TN,Acute Care Hospitals,Government - State,No,4
101217,SAMPLE HOSPITAL 1218,KY,Acute Care Hospitals,Voluntary non-profit - Private,No,3
101219,SAMPLE HOSPITAL 1220,CT,Acute Care Hospitals,Voluntary non-profit - Private,Yes,4
101220,SAMPLE HOSPITAL 1221,MO,Acute Care Hospitals,Voluntary non-profit - Private,Yes,2
101221,SAMPLE HOSPITAL 1222,TX,Acute Care Hospitals,Physician,Yes,3
101222,SAMPLE HOSPITAL 1223,MN,Acute Care Hospitals,Voluntary non-profit - Private,Yes,3
101223,SAMPLE HOSPITAL 1224,MI,Acute Care Hospitals,Proprietary,No,5
101224,SAMPLE HOSPITAL 1225,ND,Acute Care Hospitals,Voluntary non-profit - Private,Yes,5
101225,SAMPLE HOSPITAL 1226,AL,Acute Care Hospitals,Voluntary non-profit - Private,No,3
101226,SAMPLE HOSPITAL 1227,OR,Acute Care Hospitals,Proprietary,Yes,4
101227,SAMPLE HOSPITAL 1228,SD,Acute Care Hospitals,Physician,Yes,4
101228,SAMPLE HOSPITAL 1229,HI,Acute Care Hospitals,Voluntary non-profit - Other,Yes,4
101229,SAMPLE HOSPITAL 1230,IN,Acute Care Hospitals,Voluntary non-profit - Private,Yes,3
101230,SAMPLE HOSPITAL 1231,VA,Critical Access Hospitals,Proprietary,No,3
101231,SAMPLE HOSPITAL 1232,MS,Acute Care Hospitals,Proprietary,Yes,3
101232,SAMPLE HOSPITAL 1233,IL,Acute Care Hospitals,Voluntary non-profit - Church,Yes,4
101233,SAMPLE HOSPITAL 1234,MO,Acute Care Hospitals,Voluntary non-profit - Private,Yes,3
101234,SAMPLE HOSPITAL 1235,WI,Acute Care Hospitals,Government - Local,Yes,3
101235,SAMPLE HOSPITAL 1236,MI,Acute Care Hospitals,Government - Local,No,3
101236,SAMPLE HOSPITAL 1237,MI,Acute Care Hospitals,Voluntary non-profit - Other,No,5
101237,SAMPLE HOSPITAL 1238,HI,Critical Access Hospitals,Government - State,Yes,3
101238,SAMPLE HOSPITAL 1239,WI,Acute Care Hospitals,Tribal,Yes,2
101239,SAMPLE HOSPITAL 1240,NH,Critical Access Hospitals,Government - Local,Yes,1
101240,SAMPLE HOSPITAL 1241,ID,Acute Care Hospitals,Proprietary,Yes,2
101241,SAMPLE HOSPITAL 1242,ME,Acute Care Hospitals,Voluntary non-profit - Private,Yes,5
101242,SAMPLE HOSPITAL 1243,IL,Acute Care Hospitals,Voluntary non-profit - Private,No,3
101243,SAMPLE HOSPITAL 1244,MI,Critical Access Hospitals,Proprietary,Yes,1
101244,SAMPLE HOSPITAL 1245,MD,Acute Care Hospitals,Voluntary non-profit - Private,No,3
101245,SAMPLE HOSPITAL 1246,NE,Acute Care Hospitals,Proprietary,Yes,3
101246,SAMPLE HOSPITAL 1247,NC,Acute Care Hospitals,Voluntary non-profit - Private,Yes,
101247,SAMPLE HOSPITAL 1248,CA,Critical Access Hospitals,Voluntary non-profit - Church,Yes,4
101248,SAMPLE HOSPITAL 1249,TX,Critical Access Hospitals,Voluntary non-profit - Private,Yes,2
101249,SAMPLE HOSPITAL 1250,IN,Acute Care Hospitals,Voluntary non-profit - Private,Yes,3
101250,SAMPLE HOSPITAL 1251,WA,Acute Care Hospitals,Voluntary non-profit - Private,Yes,
101251,SAMPLE HOSPITAL 1252,OH,Acute Care Hospitals,Voluntary non-profit - Other,Yes,4
101252,SAMPLE HOSPITAL 1253,RI,Acute Care Hospitals,Voluntary non-profit - Private,Yes,2
101253,SAMPLE HOSPITAL 1254,ME,Acute Care Hospitals,Voluntary non-profit - Private,Yes,3
101254,SAMPLE HOSPITAL 1255,MA,Acute Care Hospitals,Voluntary non-profit - Private,Yes,4
101255,SAMPLE HOSPITAL 1256,NH,Acute Care Hospitals,Voluntary non-profit - Private,Yes,2
101256,SAMPLE HOSPITAL 1257,NE,Acute Care Hospitals,Government - State,No,2
101257,SAMPLE HOSPITAL 1258,GA,Acute Care Hospitals,Voluntary non-profit - Other,Yes,2
101258,SAMPLE HOSPITAL 1259,NV,Acute Care Hospitals,Voluntary non-profit - Other,Yes,5
101259,SAMPLE HOSPITAL 1260,LA,Acute Care Hospitals,Proprietary,No,2
101261,SAMPLE HOSPITAL 1262,MD,Acute Care Hospitals,Voluntary non-profit - Private,Yes,3
101262,SAMPLE HOSPITAL 1263,MS,Critical Access Hospitals,Proprietary,Yes,4
101263,SAMPLE HOSPITAL 1264,SD,Acute Care Hospitals,Voluntary non-profit - Private,Yes,3
101264,SAMPLE HOSPITAL 1265,VA,Acute Care Hospitals,Proprietary,Yes,3
101265,SAMPLE HOSPITAL 1266,MO,Acute Care Hospitals,Voluntary non-profit - Church,Yes,5
101266,SAMPLE HOSPITAL 1267,WY,Critical Access Hospitals,Voluntary non-profit - Church,Yes,2
101267,SAMPLE HOSPITAL 1268,LA,Acute Care Hospitals,Voluntary non-profit - Private,Yes,4
101268,SAMPLE HOSPITAL 1269,ND,Acute Care Hospitals,Voluntary non-profit - Private,Yes,3
101269,SAMPLE HOSPITAL 1270,ME,Acute Care Hospitals,Government - Hospital District or Authority,Yes,1
101270,SAMPLE HOSPITAL 1271,LA,Acute Care Hospitals,Voluntary non-profit - Private,Yes,2
101271,SAMPLE HOSPITAL 1272,MA,Acute Care Hospitals,Voluntary non-profit - Private,Yes,3
101272,SAMPLE HOSPITAL 1273,TN,Acute Care Hospitals,Voluntary non-profit - Private,Yes,
101273,SAMPLE HOSPITAL 1274,CA,Acute Care Hospitals,Voluntary non-profit - Private,Yes,2
101274,SAMPLE HOSPITAL 1275,NE,Acute Care Hospitals,Voluntary non-profit - Private,Yes,3
101275,SAMPLE HOSPITAL 1276,NH,Acute Care Hospitals,Proprietary,No,
101276,SAMPLE HOSPITAL 1277,AZ,Acute Care Hospitals,Voluntary non-profit - Other,No,1
101277,SAMPLE HOSPITAL 1278,AK,Acute Care Hospitals,Voluntary non-profit - Private,No,5
101278,SAMPLE HOSPITAL 1279,AL,Acute Care Hospitals,Voluntary non-profit - Private,Yes,2
101279,SAMPLE HOSPITAL 1280,SD,Acute Care Hospitals,Voluntary non-profit - Private,Yes,4
101280,SAMPLE HOSPITAL 1281,MT,Acute Care Hospitals,Voluntary non-profit - Other,Yes,4
101281,SAMPLE HOSPITAL 1282,DE,Critical Access Hospitals,Proprietary,Yes,1
101282,SAMPLE HOSPITAL 1283,MS,Acute Care Hospitals,Voluntary non-profit - Private,Yes,3
101283,SAMPLE HOSPITAL 1284,IN,Acute Care Hospitals,Voluntary non-profit - Private,No,3
101284,SAMPLE HOSPITAL 1285,NM,Critical Access Hospitals,Proprietary,Yes,5
101285,SAMPLE HOSPITAL 1286,LA,Critical Access Hospitals,Voluntary non-profit - Private,No,4
101286,SAMPLE HOSPITAL 1287,TN,Acute Care Hospitals,Voluntary non-profit - Private,Yes,3
101287,SAMPLE HOSPITAL 1288,NM,Acute Care Hospitals,Proprietary,Yes,2
101288,SAMPLE HOSPITAL 1289,WA,Acute Care Hospitals,Voluntary non-profit - Church,Yes,
101289,SAMPLE HOSPITAL 1290,AL,Acute Care Hospitals,Voluntary non-profit - Church,Yes,3
101290,SAMPLE HOSPITAL 1291,AK,Acute Care Hospitals,Government - Local,No,4
101291,SAMPLE HOSPITAL 1292,IA,Critical Access Hospitals,Proprietary,Yes,4
101292,SAMPLE HOSPITAL 1293,TX,Acute Care Hospitals,Tribal,Yes,3
101293,SAMPLE HOSPITAL 1294,GA,Acute Care Hospitals,Proprietary,Yes,4
101294,SAMPLE HOSPITAL 1295,MI,Acute Care Hospitals,Voluntary non-profit - Private,Yes,4
101295,SAMPLE HOSPITAL 1296,OR,Acute Care Hospitals,Voluntary non-profit - Private,Yes,2
101296,SAMPLE HOSPITAL 1297,ND,Acute Care Hospitals,Voluntary non-profit - Other,No,2
101297,SAMPLE HOSPITAL 1298,IA,Acute Care Hospitals,Voluntary non-profit - Private,Yes,2
101298,SAMPLE HOSPITAL 1299,VA,Critical Access Hospitals,Proprietary,Yes,4
101299,SAMPLE HOSPITAL 1300,IL,Acute Care Hospitals,Voluntary non-profit - Other,Yes,3
101300,SAMPLE HOSPITAL 1301,MI,Acute Care Hospitals,Voluntary non-profit - Private,Yes,3
101301,SAMPLE HOSPITAL 1302,MN,Acute Care Hospitals,Proprietary,Yes,1
101302,SAMPLE HOSPITAL 1303,UT,Acute Care Hospitals,Proprietary,Yes,3
101303,SAMPLE HOSPITAL 1304,NJ,Acute Care Hospitals,Proprietary,No,3
101304,SAMPLE HOSPITAL 1305,IN,Acute Care Hospitals,Voluntary non-profit - Private,Yes,4
101305,SAMPLE HOSPITAL 1306,VT,Acute Care Hospitals,Proprietary,Yes,3
101306,SAMPLE HOSPITAL 1307,NH,Acute Care Hospitals,Voluntary non-profit - Church,Yes,4
101307,SAMPLE HOSPITAL 1308,MO,Acute Care Hospitals,Voluntary non-profit - Private,No,
101308,SAMPLE HOSPITAL 1309,IA,Acute Care Hospitals,Voluntary non-profit - Private,No,5
101309,SAMPLE HOSPITAL 1310,MS,Acute Care Hospitals,Voluntary non-profit - Other,No,2
101310,SAMPLE HOSPITAL 1311,CA,Critical Access Hospitals,Voluntary non-profit - Private,Yes,2
101311,SAMPLE HOSPITAL 1312,CO,Acute Care Hospitals,Voluntary non-profit - Private,No,3
101312,SAMPLE HOSPITAL 1313,DE,Acute Care Hospitals,Voluntary non-profit - Private,Yes,4
101313,SAMPLE HOSPITAL 1314,DE,Acute Care Hospitals,Voluntary non-profit - Private,No,3
101314,SAMPLE HOSPITAL 1315,NM,Acute Care Hospitals,Voluntary non-profit - Private,Yes,4
101315,SAMPLE HOSPITAL 1316,NC,Acute Care Hospitals,Proprietary,No,
101316,SAMPLE HOSPITAL 1317,SD,Acute Care Hospitals,Proprietary,Yes,4
101317,SAMPLE HOSPITAL 1318,MT,Critical Access Hospitals,Voluntary non-profit - Church,No,2
101318,SAMPLE HOSPITAL 1319,TN,Acute Care Hospitals,Proprietary,Yes,5
101319,SAMPLE HOSPITAL 1320,WY,Critical Access Hospitals,Voluntary non-profit - Private,Yes,4
101320,SAMPLE HOSPITAL 1321,MD,Acute Care Hospitals,Proprietary,Yes,3
101321,SAMPLE HOSPITAL 1322,NM,Critical Access Hospitals,Government - Local,Yes,2
101322,SAMPLE HOSPITAL 1323,MA,Acute Care Hospitals,Proprietary,Yes,2
101323,SAMPLE HOSPITAL 1324,WY,Acute Care Hospitals,Voluntary non-profit - Church,Yes,2
101324,SAMPLE HOSPITAL 1325,DE,Acute Care Hospitals,Voluntary non-profit - Church,Yes,3
101325,SAMPLE HOSPITAL 1326,MT,Acute Care Hospitals,Voluntary non-profit - Private,No,2
101326,SAMPLE HOSPITAL 1327,OK,Critical Access Hospitals,Proprietary,No,4
101327,SAMPLE HOSPITAL 1328,NV,Acute Care Hospitals,Government - Local,Yes,4
101328,SAMPLE HOSPITAL 1329,CT,Acute Care Hospitals,Voluntary non-profit - Private,Yes,3
101329,SAMPLE HOSPITAL 1330,SC,Acute Care Hospitals,Government - State,Yes,5
101330,SAMPLE HOSPITAL 1331,KS,Acute Care Hospitals,Physician,Yes,3
101331,SAMPLE HOSPITAL 1332,OR,Critical Access Hospitals,Voluntary non-profit - Private,No,3
101332,SAMPLE HOSPITAL 1333,SC,Acute Care Hospitals,Voluntary non-profit - Other,Yes,3
101333,SAMPLE HOSPITAL 1334,IA,Acute Care Hospitals,Proprietary,No,3
101334,SAMPLE HOSPITAL 1335,AK,Acute Care Hospitals,Proprietary,No,2
101335,SAMPLE HOSPITAL 1336,RI,Acute Care Hospitals,Voluntary non-profit - Other,Yes,3
101336,SAMPLE HOSPITAL 1337,MA,Acute Care Hospitals,Proprietary,Yes,4
101337,SAMPLE HOSPITAL 1338,NH,Acute Care Hospitals,Voluntary non-profit - Other,Yes,3
101338,SAMPLE HOSPITAL 1339,IA,Acute Care Hospitals,Voluntary non-profit - Private,Yes,2
101339,SAMPLE HOSPITAL 1340,MO,Acute Care Hospitals,Voluntary non-profit - Private,Yes,3
101340,SAMPLE HOSPITAL 1341,ND,Acute Care Hospitals,Voluntary non-profit - Private,Yes,3
101341,SAMPLE HOSPITAL 1342,OR,Acute Care Hospitals,Government - Federal,Yes,3
101342,SAMPLE HOSPITAL 1343,KS,Acute Care Hospitals,Government - Hospital District or Authority,Yes,2
101343,SAMPLE HOSPITAL 1344,WA,Acute Care Hospitals,Voluntary non-profit - Private,Yes,4
101344,SAMPLE HOSPITAL 1345,NC,Critical Access Hospitals,Proprietary,Yes,5
101345,SAMPLE HOSPITAL 1346,NJ,Acute Care Hospitals,Voluntary non-profit - Private,No,4
101346,SAMPLE HOSPITAL 1347,FL,Critical Access Hospitals,Voluntary non-profit - Private,No,2
101347,SAMPLE HOSPITAL 1348,WI,Acute Care Hospitals,Voluntary non-profit - Private,Yes,3
101348,SAMPLE HOSPITAL 1349,MD,Acute Care Hospitals,Government - Hospital District or Authority,Yes,
101349,SAMPLE HOSPITAL 1350,NV,Acute Care Hospitals,Voluntary non-profit - Private,Yes,4
101350,SAMPLE HOSPITAL 1351,NH,Acute Care Hospitals,Physician,Yes,3
101351,SAMPLE HOSPITAL 1352,GA,Acute Care Hospitals,Proprietary,Yes,3
101352,SAMPLE HOSPITAL 1353,NC,Acute Care Hospitals,Voluntary non-profit - Private,Yes,5
101353,SAMPLE HOSPITAL 1354,GA,Acute Care Hospitals,Proprietary,Yes,4
101354,SAMPLE HOSPITAL 1355,SC,Acute Care Hospitals,Voluntary non-profit - Other,Yes,3
101355,SAMPLE HOSPITAL 1356,TX,Acute Care Hospitals,Voluntary non-profit - Other,Yes,4
101356,SAMPLE HOSPITAL 1357,GA,Acute Care Hospitals,Voluntary non-profit - Private,Yes,3
101357,SAMPLE HOSPITAL 1358,IL,Acute Care Hospitals,Tribal,Yes,1
101358,SAMPLE HOSPITAL 1359,AZ,Critical Access Hospitals,Voluntary non-profit - Church,Yes,3
101359,SAMPLE HOSPITAL 1360,TX,Acute Care Hospitals,Government - Local,Yes,3
101360,SAMPLE HOSPITAL 1361,SD,Acute Care Hospitals,Government - Hospital District or Authority,Yes,3
101361,SAMPLE HOSPITAL 1362,IA,Acute Care Hospitals,Proprietary,Yes,5
101362,SAMPLE HOSPITAL 1363,CT,Acute Care Hospitals,Government - Hospital District or Authority,No,4
101363,SAMPLE HOSPITAL 1364,OR,Critical Access Hospitals,Voluntary non-profit - Other,No,4
101364,SAMPLE HOSPITAL 1365,GA,Acute Care Hospitals,Tribal,No,3
101366,SAMPLE HOSPITAL 1367,CO,Critical Access Hospitals,Government - Hospital District or Authority,Yes,4
101367,SAMPLE HOSPITAL 1368,AR,Acute Care Hospitals,Government - State,Yes,2
101368,SAMPLE HOSPITAL 1369,CT,Acute Care Hospitals,Proprietary,Yes,3
101369,SAMPLE HOSPITAL 1370,SC,Acute Care Hospitals,Proprietary,Yes,2
101370,SAMPLE HOSPITAL 1371,MT,Acute Care Hospitals,Voluntary non-profit - Private,No,3
101371,SAMPLE HOSPITAL 1372,NE,Acute Care Hospitals,Voluntary non-profit - Private,Yes,4
101372,SAMPLE HOSPITAL 1373,NH,Acute Care Hospitals,Voluntary non-profit - Church,No,3
101373,SAMPLE HOSPITAL 1374,DE,Acute Care Hospitals,Voluntary non-profit - Private,Yes,3
101374,SAMPLE HOSPITAL 1375,AZ,Critical Access Hospitals,Government - Hospital District or Authority,Yes,3
101375,SAMPLE HOSPITAL 1376,NH,Acute Care Hospitals,Physician,No,3
101376,SAMPLE HOSPITAL 1377,CO,Acute Care Hospitals,Physician,Yes,3
101377,SAMPLE HOSPITAL 1378,WA,Critical Access Hospitals,Voluntary non-profit - Private,Yes,4
101378,SAMPLE HOSPITAL 1379,MI,Acute Care Hospitals,Proprietary,Yes,4
101379,SAMPLE HOSPITAL 1380,NV,Acute Care Hospitals,Voluntary non-profit - Private,Yes,4
101380,SAMPLE HOSPITAL 1381,NE,Acute Care Hospitals,Government - Local,Yes,5
101381,SAMPLE HOSPITAL 1382,MA,Acute Care Hospitals,Voluntary non-profit - Private,Yes,2
101382,SAMPLE HOSPITAL 1383,NH,Critical Access Hospitals,Government - Hospital District or Authority,Yes,
101383,SAMPLE HOSPITAL 1384,WY,Acute Care Hospitals,Tribal,Yes,3
101384,SAMPLE HOSPITAL 1385,ID,Acute Care Hospitals,Government - Hospital District or Authority,Yes,3
101385,SAMPLE HOSPITAL 1386,HI,Acute Care Hospitals,Voluntary non-profit - Private,Yes,3
101386,SAMPLE HOSPITAL 1387,MD,Acute Care Hospitals,Government - Hospital District or Authority,Yes,4
101387,SAMPLE HOSPITAL 1388,ID,Acute Care Hospitals,Voluntary non-profit - Private,Yes,3
101388,SAMPLE HOSPITAL 1389,CO,Critical Access Hospitals,Government - Hospital District or Authority,Yes,3
101389,SAMPLE HOSPITAL 1390,CA,Critical Access Hospitals,Government - Hospital District or Authority,Yes,3
101390,SAMPLE HOSPITAL 1391,AK,Acute Care Hospitals,Proprietary,Yes,3
101391,SAMPLE HOSPITAL 1392,WV,Acute Care Hospitals,Voluntary non-profit - Private,No,2
101392,SAMPLE HOSPITAL 1393,IL,Acute Care Hospitals,Proprietary,Yes,4
101393,SAMPLE HOSPITAL 1394,PA,Critical Access Hospitals,Voluntary non-profit - Private,Yes,
101394,SAMPLE HOSPITAL 1395,OH,Acute Care Hospitals,Voluntary non-profit - Private,Yes,4
101395,SAMPLE HOSPITAL 1396,LA,Acute Care Hospitals,Voluntary non-profit - Private,Yes,
101396,SAMPLE HOSPITAL 1397,AK,Critical Access Hospitals,Voluntary non-profit - Private,Yes,3
101397,SAMPLE HOSPITAL 1398,PA,Acute Care Hospitals,Government - Local,Yes,4
101398,SAMPLE HOSPITAL 1399,OK,Acute Care Hospitals,Government - Hospital District or Authority,Yes,4
101399,SAMPLE HOSPITAL 1400,CA,Acute Care Hospitals,Voluntary non-profit - Other,Yes,
101400,SAMPLE HOSPITAL 1401,KY,Acute Care Hospitals,Voluntary non-profit - Private,Yes,2
101401,SAMPLE HOSPITAL 1402,NM,Acute Care Hospitals,Proprietary,Yes,1
101402,SAMPLE HOSPITAL 1403,OR,Acute Care Hospitals,Proprietary,Yes,
101403,SAMPLE HOSPITAL 1404,ND,Critical Access Hospitals,Proprietary,Yes,2
101404,SAMPLE HOSPITAL 1405,TN,Critical Access Hospitals,Voluntary non-profit - Private,Yes,2
101405,SAMPLE HOSPITAL 1406,IA,Acute Care Hospitals,Proprietary,Yes,3
101406,SAMPLE HOSPITAL 1407,VT,Acute Care Hospitals,Proprietary,No,2
101407,SAMPLE HOSPITAL 1408,TX,Critical Access Hospitals,Proprietary,No,4
101408,SAMPLE HOSPITAL 1409,NY,Acute Care Hospitals,Voluntary non-profit - Private,Yes,3
101409,SAMPLE HOSPITAL 1410,GA,Acute Care Hospitals,Voluntary non-profit - Church,Yes,1
101410,SAMPLE HOSPITAL 1411,TN,Acute Care Hospitals,Voluntary non-profit - Private,Yes,2
101411,SAMPLE HOSPITAL 1412,TN,Acute Care Hospitals,Proprietary,Yes,3
101412,SAMPLE HOSPITAL 1413,WV,Critical Access Hospitals,Government - State,No,4
101413,SAMPLE HOSPITAL 1414,ND,Acute Care Hospitals,Voluntary non-profit - Private,Yes,1
101414,SAMPLE HOSPITAL 1415,ID,Acute Care Hospitals,Physician,Yes,1
101415,SAMPLE HOSPITAL 1416,CT,Acute Care Hospitals,Voluntary non-profit - Church,No,2
101416,SAMPLE HOSPITAL 1417,OK,Acute Care Hospitals,Tribal,No,2
101417,SAMPLE HOSPITAL 1418,VA,Critical Access Hospitals,Voluntary non-profit - Other,Yes,3
101418,SAMPLE HOSPITAL 1419,TN,Acute Care Hospitals,Proprietary,Yes,5
101419,SAMPLE HOSPITAL 1420,AZ,Critical Access Hospitals,Voluntary non-profit - Church,Yes,4
101420,SAMPLE HOSPITAL 1421,NE,Acute Care Hospitals,Tribal,Yes,2
101421,SAMPLE HOSPITAL 1422,TX,Acute Care Hospitals,Voluntary non-profit - Private,Yes,3
101422,SAMPLE HOSPITAL 1423,ME,Acute Care Hospitals,Government - Local,Yes,4
101423,SAMPLE HOSPITAL 1424,UT,Acute Care Hospitals,Government - Local,No,
101424,SAMPLE HOSPITAL 1425,CT,Acute Care Hospitals,Voluntary non-profit - Private,Yes,3
101425,SAMPLE HOSPITAL 1426,NH,Acute Care Hospitals,Voluntary non-profit - Private,Yes,2
101426,SAMPLE HOSPITAL 1427,RI,Critical Access Hospitals,Government - Local,Yes,3
101427,SAMPLE HOSPITAL 1428,VT,Acute Care Hospitals,Proprietary,Yes,1
101428,SAMPLE HOSPITAL 1429,AR,Acute Care Hospitals,Proprietary,Yes,3
101429,SAMPLE HOSPITAL 1430,KS,Acute Care Hospitals,Voluntary non-profit - Church,Yes,2
101430,SAMPLE HOSPITAL 1431,FL,Acute Care Hospitals,Proprietary,Yes,3
101431,SAMPLE HOSPITAL 1432,WV,Acute Care Hospitals,Proprietary,Yes,3
101432,SAMPLE HOSPITAL 1433,WA,Acute Care Hospitals,Voluntary non-profit - Private,Yes,2
101434,SAMPLE HOSPITAL 1435,NC,Acute Care Hospitals,Proprietary,No,3
101435,SAMPLE HOSPITAL 1436,ME,Acute Care Hospitals,Voluntary non-profit - Church,No,3
101436,SAMPLE HOSPITAL 1437,NJ,Acute Care Hospitals,Proprietary,Yes,2
101437,SAMPLE HOSPITAL 1438,MT,Acute Care Hospitals,Voluntary non-profit - Private,Yes,4
101438,SAMPLE HOSPITAL 1439,OR,Acute Care Hospitals,Voluntary non-profit - Other,No,
101439,SAMPLE HOSPITAL 1440,SC,Critical Access Hospitals,Proprietary,Yes,2
101440,SAMPLE HOSPITAL 1441,CA,Critical Access Hospitals,Government - Hospital District or Authority,Yes,1
101441,SAMPLE HOSPITAL 1442,SD,Critical Access Hospitals,Voluntary non-profit - Private,Yes,3
101442,SAMPLE HOSPITAL 1443,MO,Acute Care Hospitals,Proprietary,Yes,3
101443,SAMPLE HOSPITAL 1444,ND,Acute Care Hospitals,Voluntary non-profit - Other,Yes,2
101444,SAMPLE HOSPITAL 1445,MS,Acute Care Hospitals,Voluntary non-profit - Other,No,3
101445,SAMPLE HOSPITAL 1446,HI,Acute Care Hospitals,Voluntary non-profit - Private,Yes,
101446,SAMPLE HOSPITAL 1447,MI,Acute Care Hospitals,Voluntary non-profit - Church,Yes,4
101447,SAMPLE HOSPITAL 1448,NE,Acute Care Hospitals,Voluntary non-profit - Private,Yes,4
101448,SAMPLE HOSPITAL 1449,OK,Acute Care Hospitals,Proprietary,Yes,3
101449,SAMPLE HOSPITAL 1450,UT,Acute Care Hospitals,Government - Hospital District or Authority,Yes,3
101450,SAMPLE HOSPITAL 1451,IL,Acute Care Hospitals,Voluntary non-profit - Private,Yes,5
101451,SAMPLE HOSPITAL 1452,CO,Acute Care Hospitals,Proprietary,Yes,1
101452,SAMPLE HOSPITAL 1453,NY,Critical Access Hospitals,Proprietary,Yes,3
101453,SAMPLE HOSPITAL 1454,WI,Acute Care Hospitals,Proprietary,Yes,2
101454,SAMPLE HOSPITAL 1455,AL,Acute Care Hospitals,Government - Local,Yes,2
101455,SAMPLE HOSPITAL 1456,KS,Critical Access Hospitals,Government - State,Yes,4
101456,SAMPLE HOSPITAL 1457,SC,Acute Care Hospitals,Proprietary,Yes,2
101457,SAMPLE HOSPITAL 1458,ND,Acute Care Hospitals,Voluntary non-profit - Private,No,3
101458,SAMPLE HOSPITAL 1459,IL,Acute Care Hospitals,Voluntary non-profit - Other,Yes,2
101459,SAMPLE HOSPITAL 1460,KY,Acute Care Hospitals,Voluntary non-profit - Other,No,3
101460,SAMPLE HOSPITAL 1461,WV,Acute Care Hospitals,Voluntary non-profit - Private,Yes,2
101461,SAMPLE HOSPITAL 1462,AR,Acute Care Hospitals,Voluntary non-profit - Church,Yes,3
101462,SAMPLE HOSPITAL 1463,WV,Acute Care Hospitals,Voluntary non-profit - Other,Yes,2
101463,SAMPLE HOSPITAL 1464,NV,Critical Access Hospitals,Government - Local,Yes,3
101464,SAMPLE HOSPITAL 1465,WV,Acute Care Hospitals,Voluntary non-profit - Private,Yes,2
101465,SAMPLE HOSPITAL 1466,NE,Acute Care Hospitals,Voluntary non-profit - Church,Yes,
101466,SAMPLE HOSPITAL 1467,RI,Acute Care Hospitals,Voluntary non-profit - Private,Yes,5
101467,SAMPLE HOSPITAL 1468,MT,Acute Care Hospitals,Voluntary non-profit - Private,Yes,3
101468,SAMPLE HOSPITAL 1469,OK,Acute Care Hospitals,Voluntary non-profit - Private,Yes,3
101469,SAMPLE HOSPITAL 1470,PA,Acute Care Hospitals,Voluntary non-profit - Church,Yes,3
101470,SAMPLE HOSPITAL 1471,OR,Acute Care Hospitals,Voluntary non-profit - Private,Yes,4
101471,SAMPLE HOSPITAL 1472,WY,Acute Care Hospitals,Voluntary non-profit - Other,Yes,4
101472,SAMPLE HOSPITAL 1473,NJ,Acute Care Hospitals,Proprietary,Yes,4
101473,SAMPLE HOSPITAL 1474,MA,Acute Care Hospitals,Government - State,Yes,5
101474,SAMPLE HOSPITAL 1475,ME,Acute Care Hospitals,Government - Local,Yes,4
101475,SAMPLE HOSPITAL 1476,MT,Acute Care Hospitals,Voluntary non-profit - Other,No,2
101476,SAMPLE HOSPITAL 1477,MN,Acute Care Hospitals,Proprietary,Yes,3
101477,SAMPLE HOSPITAL 1478,WI,Acute Care Hospitals,Government - Hospital District or Authority,Yes,2
101478,SAMPLE HOSPITAL 1479,SD,Critical Access Hospitals,Voluntary non-profit - Private,No,4
101479,SAMPLE HOSPITAL 1480,NC,Critical Access Hospitals,Voluntary non-profit - Private,Yes,3
101480,SAMPLE HOSPITAL 1481,MO,Acute Care Hospitals,Government - Hospital District or Authority,Yes,4
101481,SAMPLE HOSPITAL 1482,PA,Critical Access Hospitals,Voluntary non-profit - Church,Yes,3
101482,SAMPLE HOSPITAL 1483,MT,Acute Care Hospitals,Voluntary non-profit - Private,Yes,3
101483,SAMPLE HOSPITAL 1484,WV,Critical Access Hospitals,Proprietary,Yes,2
101484,SAMPLE HOSPITAL 1485,WY,Acute Care Hospitals,Government - Federal,Yes,4
101485,SAMPLE HOSPITAL 1486,MN,Critical Access Hospitals,Proprietary,Yes,4
101486,SAMPLE HOSPITAL 1487,RI,Acute Care Hospitals,Proprietary,Yes,4
101487,SAMPLE HOSPITAL 1488,MO,Acute Care Hospitals,Voluntary non-profit - Private,Yes,3
101488,SAMPLE HOSPITAL 1489,PA,Critical Access Hospitals,Voluntary non-profit - Private,Yes,3
101489,SAMPLE HOSPITAL 1490,UT,Acute Care Hospitals,Government - Hospital District or Authority,Yes,3
101490,SAMPLE HOSPITAL 1491,ID,Acute Care Hospitals,Voluntary non-profit - Private,No,1
101491,SAMPLE HOSPITAL 1492,HI,Acute Care Hospitals,Government - Hospital District or Authority,Yes,2
101492,SAMPLE HOSPITAL 1493,OH,Acute Care Hospitals,Voluntary non-profit - Church,Yes,2
101493,SAMPLE HOSPITAL 1494,NY,Critical Access Hospitals,Voluntary non-profit - Church,Yes,3
101494,SAMPLE HOSPITAL 1495,MT,Acute Care Hospitals,Voluntary non-profit - Private,Yes,3
101495,SAMPLE HOSPITAL 1496,CO,Acute Care Hospitals,Voluntary non-profit - Other,Yes,4
101496,SAMPLE HOSPITAL 1497,AL,Acute Care Hospitals,Government - Hospital District or Authority,Yes,2
101497,SAMPLE HOSPITAL 1498,CA,Acute Care Hospitals,Proprietary,Yes,2
101498,SAMPLE HOSPITAL 1499,NV,Critical Access Hospitals,Government - Hospital District or Authority,Yes,4
101499,SAMPLE HOSPITAL 1500,TX,Critical Access Hospitals,Proprietary,Yes,4
101500,SAMPLE HOSPITAL 1501,RI,Acute Care Hospitals,Voluntary non-profit - Church,Yes,3
101501,SAMPLE HOSPITAL 1502,VT,Acute Care Hospitals,Physician,Yes,4
101502,SAMPLE HOSPITAL 1503,AK,Acute Care Hospitals,Proprietary,No,2
101503,SAMPLE HOSPITAL 1504,NC,Acute Care Hospitals,Proprietary,Yes,3
101504,SAMPLE HOSPITAL 1505,UT,Acute Care Hospitals,Government - State,Yes,4
101505,SAMPLE HOSPITAL 1506,WI,Acute Care Hospitals,Proprietary,Yes,3
101506,SAMPLE HOSPITAL 1507,MS,Acute Care Hospitals,Voluntary non-profit - Private,Yes,3
101507,SAMPLE HOSPITAL 1508,SD,Critical Access Hospitals,Proprietary,Yes,4
101508,SAMPLE HOSPITAL 1509,MI,Critical Access Hospitals,Voluntary non-profit - Private,Yes,3
101509,SAMPLE HOSPITAL 1510,MO,Acute Care Hospitals,Proprietary,Yes,1
101510,SAMPLE HOSPITAL 1511,CT,Acute Care Hospitals,Voluntary non-profit - Private,No,1
101511,SAMPLE HOSPITAL 1512,OK,Acute Care Hospitals,Voluntary non-profit - Private,Yes,4
101512,SAMPLE HOSPITAL 1513,SD,Critical Access Hospitals,Government - State,No,
101513,SAMPLE HOSPITAL 1514,HI,Acute Care Hospitals,Voluntary non-profit - Private,Yes,3
101514,SAMPLE HOSPITAL 1515,ME,Acute Care Hospitals,Government - Local,No,3
101515,SAMPLE HOSPITAL 1516,NM,Acute Care Hospitals,Physician,Yes,4
101516,SAMPLE HOSPITAL 1517,VT,Acute Care Hospitals,Voluntary non-profit - Private,No,4
101517,SAMPLE HOSPITAL 1518,SC,Acute Care Hospitals,Voluntary non-profit - Private,Yes,2
101518,SAMPLE HOSPITAL 1519,FL,Critical Access Hospitals,Government - Federal,No,2
101519,SAMPLE HOSPITAL 1520,NE,Acute Care Hospitals,Voluntary non-profit - Private,No,1
101520,SAMPLE HOSPITAL 1521,VA,Acute Care Hospitals,Proprietary,Yes,3
101521,SAMPLE HOSPITAL 1522,MA,Acute Care Hospitals,Proprietary,Yes,3
101522,SAMPLE HOSPITAL 1523,AK,Acute Care Hospitals,Voluntary non-profit - Private,Yes,2
101523,SAMPLE HOSPITAL 1524,FL,Acute Care Hospitals,Proprietary,No,3
101524,SAMPLE HOSPITAL 1525,OK,Acute Care Hospitals,Voluntary non-profit - Other,No,4
101525,SAMPLE HOSPITAL 1526,GA,Acute Care Hospitals,Voluntary non-profit - Private,Yes,4
101526,SAMPLE HOSPITAL 1527,NC,Acute Care Hospitals,Government - Local,Yes,2
101527,SAMPLE HOSPITAL 1528,IL,Critical Access Hospitals,Proprietary,No,4
101528,SAMPLE HOSPITAL 1529,KY,Acute Care Hospitals,Voluntary non-profit - Other,Yes,3
101529,SAMPLE HOSPITAL 1530,TX,Acute Care Hospitals,Government - Local,Yes,3
101530,SAMPLE HOSPITAL 1531,MA,Acute Care Hospitals,Proprietary,Yes,1
101531,SAMPLE HOSPITAL 1532,WA,Acute Care Hospitals,Voluntary non-profit - Private,No,2
101532,SAMPLE HOSPITAL 1533,VA,Critical Access Hospitals,Voluntary non-profit - Private,Yes,3
101533,SAMPLE HOSPITAL 1534,GA,Acute Care Hospitals,Proprietary,Yes,4
101534,SAMPLE HOSPITAL 1535,SD,Acute Care Hospitals,Physician,Yes,3
101535,SAMPLE HOSPITAL 1536,MA,Acute Care Hospitals,Government - Hospital District or Authority,Yes,3
101536,SAMPLE HOSPITAL 1537,KS,Acute Care Hospitals,Voluntary non-profit - Private,No,1
101537,SAMPLE HOSPITAL 1538,RI,Acute Care Hospitals,Government - State,No,4
101538,SAMPLE HOSPITAL 1539,WI,Acute Care Hospitals,Proprietary,Yes,4
101539,SAMPLE HOSPITAL 1540,FL,Critical Access Hospitals,Proprietary,Yes,1
101540,SAMPLE HOSPITAL 1541,AZ,Acute Care Hospitals,Proprietary,Yes,3
101541,SAMPLE HOSPITAL 1542,UT,Acute Care Hospitals,Voluntary non-profit - Private,Yes,3
101542,SAMPLE HOSPITAL 1543,IL,Acute Care Hospitals,Government - Hospital District or Authority,Yes,3
101543,SAMPLE HOSPITAL 1544,DE,Acute Care Hospitals,Government - Hospital District or Authority,Yes,1
101544,SAMPLE HOSPITAL 1545,WY,Acute Care Hospitals,Voluntary non-profit - Private,Yes,3
101545,SAMPLE HOSPITAL 1546,AR,Acute Care Hospitals,Voluntary non-profit - Private,Yes,5
101546,SAMPLE HOSPITAL 1547,WA,Acute Care Hospitals,Voluntary non-profit - Church,Yes,4
101547,SAMPLE HOSPITAL 1548,AR,Acute Care Hospitals,Proprietary,Yes,3
101548,SAMPLE HOSPITAL 1549,NH,Acute Care Hospitals,Government - State,Yes,3
101549,SAMPLE HOSPITAL 1550,AZ,Acute Care Hospitals,Proprietary,Yes,
101550,SAMPLE HOSPITAL 1551,WY,Acute Care Hospitals,Proprietary,Yes,4
101551,SAMPLE HOSPITAL 1552,AL,Acute Care Hospitals,Government - Local,Yes,4
101552,SAMPLE HOSPITAL 1553,VT,Acute Care Hospitals,Government - Federal,Yes,4
101553,SAMPLE HOSPITAL 1554,FL,Acute Care Hospitals,Voluntary non-profit - Private,Yes,2
101554,SAMPLE HOSPITAL 1555,NV,Acute Care Hospitals,Voluntary non-profit - Private,Yes,3
101555,SAMPLE HOSPITAL 1556,NM,Acute Care Hospitals,Voluntary non-profit - Private,Yes,
101556,SAMPLE HOSPITAL 1557,NV,Acute Care Hospitals,Government - Federal,Yes,3
101557,SAMPLE HOSPITAL 1558,MI,Critical Access Hospitals,Voluntary non-profit - Private,Yes,4
101558,SAMPLE HOSPITAL 1559,DE,Acute Care Hospitals,Voluntary non-profit - Church,No,1
101559,SAMPLE HOSPITAL 1560,MD,Critical Access Hospitals,Voluntary non-profit - Private,Yes,3
101560,SAMPLE HOSPITAL 1561,FL,Acute Care Hospitals,Voluntary non-profit - Private,Yes,4
101561,SAMPLE HOSPITAL 1562,WV,Acute Care Hospitals,Proprietary,Yes,4
101562,SAMPLE HOSPITAL 1563,WA,Critical Access Hospitals,Proprietary,No,4
101563,SAMPLE HOSPITAL 1564,CO,Acute Care Hospitals,Government - Local,Yes,3
101564,SAMPLE HOSPITAL 1565,ND,Acute Care Hospitals,Voluntary non-profit - Private,Yes,
101565,SAMPLE HOSPITAL 1566,NH,Acute Care Hospitals,Voluntary non-profit - Private,Yes,4
101566,SAMPLE HOSPITAL 1567,RI,Acute Care Hospitals,Proprietary,Yes,3
101567,SAMPLE HOSPITAL 1568,VT,Acute Care Hospitals,Voluntary non-profit - Private,Yes,2
101568,SAMPLE HOSPITAL 1569,DE,Acute Care Hospitals,Proprietary,Yes,3
101569,SAMPLE HOSPITAL 1570,VA,Acute Care Hospitals,Proprietary,Yes,3
101570,SAMPLE HOSPITAL 1571,MA,Acute Care Hospitals,Proprietary,No,3
101571,SAMPLE HOSPITAL 1572,SD,Acute Care Hospitals,Proprietary,Yes,1
101572,SAMPLE HOSPITAL 1573,CT,Acute Care Hospitals,Voluntary non-profit - Private,Yes,4
101573,SAMPLE HOSPITAL 1574,WI,Acute Care Hospitals,Proprietary,Yes,3
101574,SAMPLE HOSPITAL 1575,SC,Acute Care Hospitals,Voluntary non-profit - Private,No,1
101575,SAMPLE HOSPITAL 1576,AR,Acute Care Hospitals,Voluntary non-profit - Private,Yes,4
101576,SAMPLE HOSPITAL 1577,SD,Acute Care Hospitals,Proprietary,No,5
101577,SAMPLE HOSPITAL 1578,GA,Acute Care Hospitals,Proprietary,Yes,2
101578,SAMPLE HOSPITAL 1579,CA,Acute Care Hospitals,Voluntary non-profit - Church,Yes,1
101579,SAMPLE HOSPITAL 1580,NH,Acute Care Hospitals,Voluntary non-profit - Private,Yes,3
101580,SAMPLE HOSPITAL 1581,MD,Acute Care Hospitals,Government - Hospital District or Authority,No,4
101581,SAMPLE HOSPITAL 1582,OK,Acute Care Hospitals,Voluntary non-profit - Private,Yes,
101582,SAMPLE HOSPITAL 1583,KY,Acute Care Hospitals,Voluntary non-profit - Church,Yes,3
101583,SAMPLE HOSPITAL 1584,MI,Acute Care Hospitals,Voluntary non-profit - Private,Yes,3
101584,SAMPLE HOSPITAL 1585,RI,Acute Care Hospitals,Voluntary non-profit - Private,No,3
101585,SAMPLE HOSPITAL 1586,AK,Acute Care Hospitals,Government - Federal,Yes,3
101586,SAMPLE HOSPITAL 1587,SD,Acute Care Hospitals,Voluntary non-profit - Private,No,4
101587,SAMPLE HOSPITAL 1588,OH,Critical Access Hospitals,Proprietary,Yes,4
101588,SAMPLE HOSPITAL 1589,NV,Acute Care Hospitals,Government - State,Yes,3
101589,SAMPLE HOSPITAL 1590,MN,Acute Care Hospitals,Voluntary non-profit - Church,No,3
101590,SAMPLE HOSPITAL 1591,AL,Acute Care Hospitals,Voluntary non-profit - Private,Yes,4
101591,SAMPLE HOSPITAL 1592,HI,Acute Care Hospitals,Government - Local,Yes,2
101592,SAMPLE HOSPITAL 1593,LA,Acute Care Hospitals,Government - State,Yes,2
101593,SAMPLE HOSPITAL 1594,WY,Critical Access Hospitals,Voluntary non-profit - Private,No,4
101594,SAMPLE HOSPITAL 1595,NJ,Acute Care Hospitals,Voluntary non-profit - Private,Yes,3
101595,SAMPLE HOSPITAL 1596,MT,Critical Access Hospitals,Voluntary non-profit - Other,No,3
101596,SAMPLE HOSPITAL 1597,MD,Acute Care Hospitals,Proprietary,Yes,3
101597,SAMPLE HOSPITAL 1598,DE,Acute Care Hospitals,Voluntary non-profit - Other,Yes,2
101598,SAMPLE HOSPITAL 1599,MN,Acute Care Hospitals,Government - Hospital District or Authority,No,3
101599,SAMPLE HOSPITAL 1600,IN,Acute Care Hospitals,Voluntary non-profit - Private,Yes,3
101600,SAMPLE HOSPITAL 1601,FL,Critical Access Hospitals,Proprietary,Yes,3
101601,SAMPLE HOSPITAL 1602,WV,Critical Access Hospitals,Government - Federal,Yes,3
101602,SAMPLE HOSPITAL 1603,NV,Acute Care Hospitals,Physician,Yes,
101603,SAMPLE HOSPITAL 1604,IA,Acute Care Hospitals,Voluntary non-profit - Private,No,3
101604,SAMPLE HOSPITAL 1605,MO,Acute Care Hospitals,Proprietary,Yes,5
101605,SAMPLE HOSPITAL 1606,AR,Acute Care Hospitals,Voluntary non-profit - Private,No,2
101606,SAMPLE HOSPITAL 1607,NV,Acute Care Hospitals,Voluntary non-profit - Private,Yes,
101607,SAMPLE HOSPITAL 1608,VA,Acute Care Hospitals,Government - State,Yes,2
101608,SAMPLE HOSPITAL 1609,CT,Acute Care Hospitals,Government - Local,Yes,1
101609,SAMPLE HOSPITAL 1610,OR,Acute Care Hospitals,Voluntary non-profit - Church,No,
101610,SAMPLE HOSPITAL 1611,KY,Acute Care Hospitals,Government - Hospital District or Authority,No,4
101611,SAMPLE HOSPITAL 1612,MI,Acute Care Hospitals,Proprietary,Yes,3
101612,SAMPLE HOSPITAL 1613,MS,Acute Care Hospitals,Physician,Yes,2
101613,SAMPLE HOSPITAL 1614,AR,Acute Care Hospitals,Government - Hospital District or Authority,Yes,3
101614,SAMPLE HOSPITAL 1615,CA,Acute Care Hospitals,Physician,Yes,3
101615,SAMPLE HOSPITAL 1616,NH,Acute Care Hospitals,Government - Hospital District or Authority,No,2
101616,SAMPLE HOSPITAL 1617,HI,Acute Care Hospitals,Proprietary,Yes,3
101617,SAMPLE HOSPITAL 1618,CA,Acute Care Hospitals,Voluntary non-profit - Private,Yes,4
101618,SAMPLE HOSPITAL 1619,MA,Acute Care Hospitals,Government - Local,Yes,5
101619,SAMPLE HOSPITAL 1620,NC,Acute Care Hospitals,Voluntary non-profit - Other,Yes,1
101620,SAMPLE HOSPITAL 1621,LA,Acute Care Hospitals,Proprietary,Yes,2
101621,SAMPLE HOSPITAL 1622,NH,Acute Care Hospitals,Proprietary,Yes,4
101622,SAMPLE HOSPITAL 1623,TN,Acute Care Hospitals,Proprietary,No,4
101623,SAMPLE HOSPITAL 1624,PA,Acute Care Hospitals,Tribal,No,2
101624,SAMPLE HOSPITAL 1625,PA,Acute Care Hospitals,Government - Local,No,4
101625,SAMPLE HOSPITAL 1626,VA,Acute Care Hospitals,Voluntary non-profit - Private,Yes,3
101626,SAMPLE HOSPITAL 1627,KS,Acute Care Hospitals,Government - Federal,Yes,1
101627,SAMPLE HOSPITAL 1628,ID,Acute Care Hospitals,Voluntary non-profit - Private,Yes,4
101628,SAMPLE HOSPITAL 1629,AL,Critical Access Hospitals,Proprietary,No,3
101629,SAMPLE HOSPITAL 1630,VA,Acute Care Hospitals,Voluntary non-profit - Private,Yes,4
101630,SAMPLE HOSPITAL 1631,OK,Acute Care Hospitals,Government - Hospital District or Authority,Yes,3
101631,SAMPLE HOSPITAL 1632,IL,Acute Care Hospitals,Tribal,No,
101632,SAMPLE HOSPITAL 1633,WI,Critical Access Hospitals,Proprietary,No,2
101633,SAMPLE HOSPITAL 1634,CA,Acute Care Hospitals,Government - State,No,3
101635,SAMPLE HOSPITAL 1636,OH,Acute Care Hospitals,Voluntary non-profit - Private,Yes,2
101636,SAMPLE HOSPITAL 1637,NV,Acute Care Hospitals,Voluntary non-profit - Other,No,3
101637,SAMPLE HOSPITAL 1638,RI,Acute Care Hospitals,Tribal,No,4
101638,SAMPLE HOSPITAL 1639,SC,Critical Access Hospitals,Voluntary non-profit - Private,Yes,3
101639,SAMPLE HOSPITAL 1640,FL,Critical Access Hospitals,Government - Hospital District or Authority,Yes,3
101640,SAMPLE HOSPITAL 1641,FL,Acute Care Hospitals,Voluntary non-profit - Church,Yes,4
101641,SAMPLE HOSPITAL 1642,VA,Acute Care Hospitals,Proprietary,Yes,3
101643,SAMPLE HOSPITAL 1644,MI,Acute Care Hospitals,Government - State,Yes,5
101644,SAMPLE HOSPITAL 1645,OK,Acute Care Hospitals,Voluntary non-profit - Private,Yes,2
101645,SAMPLE HOSPITAL 1646,FL,Acute Care Hospitals,Voluntary non-profit - Private,No,
101646,SAMPLE HOSPITAL 1647,IA,Critical Access Hospitals,Voluntary non-profit - Church,Yes,4
101647,SAMPLE HOSPITAL 1648,NC,Acute Care Hospitals,Voluntary non-profit - Private,Yes,3
101648,SAMPLE HOSPITAL 1649,HI,Critical Access Hospitals,Government - Hospital District or Authority,Yes,2
101649,SAMPLE HOSPITAL 1650,AL,Critical Access Hospitals,Voluntary non-profit - Private,Yes,4
101650,SAMPLE HOSPITAL 1651,AL,Acute Care Hospitals,Government - Hospital District or Authority,Yes,4
101651,SAMPLE HOSPITAL 1652,OR,Acute Care Hospitals,Voluntary non-profit - Private,No,2
101652,SAMPLE HOSPITAL 1653,KY,Acute Care Hospitals,Voluntary non-profit - Private,Yes,3
101653,SAMPLE HOSPITAL 1654,OR,Acute Care Hospitals,Proprietary,Yes,4
101654,SAMPLE HOSPITAL 1655,NM,Acute Care Hospitals,Government - Hospital District or Authority,Yes,3
101655,SAMPLE HOSPITAL 1656,IN,Acute Care Hospitals,Proprietary,No,
101656,SAMPLE HOSPITAL 1657,IA,Acute Care Hospitals,Government - Hospital District or Authority,Yes,3
101657,SAMPLE HOSPITAL 1658,MI,Acute Care Hospitals,Voluntary non-profit - Private,Yes,
101658,SAMPLE HOSPITAL 1659,VA,Critical Access Hospitals,Voluntary non-profit - Other,Yes,4
101659,SAMPLE HOSPITAL 1660,OH,Acute Care Hospitals,Voluntary non-profit - Private,Yes,1
101660,SAMPLE HOSPITAL 1661,MN,Critical Access Hospitals,Government - State,Yes,3
101661,SAMPLE HOSPITAL 1662,CT,Acute Care Hospitals,Voluntary non-profit - Private,Yes,2
101662,SAMPLE HOSPITAL 1663,CT,Acute Care Hospitals,Voluntary non-profit - Church,No,4
101663,SAMPLE HOSPITAL 1664,AR,Critical Access Hospitals,Voluntary non-profit - Private,Yes,4
101664,SAMPLE HOSPITAL 1665,VT,Acute Care Hospitals,Government - Local,Yes,1
101665,SAMPLE HOSPITAL 1666,CO,Acute Care Hospitals,Government - Hospital District or Authority,Yes,4
101666,SAMPLE HOSPITAL 1667,NH,Acute Care Hospitals,Government - Local,No,3
101667,SAMPLE HOSPITAL 1668,RI,Acute Care Hospitals,Voluntary non-profit - Private,Yes,3
101668,SAMPLE HOSPITAL 1669,AR,Acute Care Hospitals,Government - Hospital District or Authority,Yes,1
101669,SAMPLE HOSPITAL 1670,CA,Acute Care Hospitals,Proprietary,Yes,3
101670,SAMPLE HOSPITAL 1671,OH,Acute Care Hospitals,Voluntary non-profit - Private,No,4
101671,SAMPLE HOSPITAL 1672,OR,Acute Care Hospitals,Voluntary non-profit - Other,No,2
101672,SAMPLE HOSPITAL 1673,NM,Critical Access Hospitals,Voluntary non-profit - Private,Yes,2
101673,SAMPLE HOSPITAL 1674,OR,Acute Care Hospitals,Voluntary non-profit - Other,No,3
101674,SAMPLE HOSPITAL 1675,MO,Acute Care Hospitals,Tribal,Yes,4
101675,SAMPLE HOSPITAL 1676,KY,Acute Care Hospitals,Proprietary,Yes,3
101676,SAMPLE HOSPITAL 1677,IA,Acute Care Hospitals,Government - Hospital District or Authority,No,4
101677,SAMPLE HOSPITAL 1678,NC,Acute Care Hospitals,Voluntary non-profit - Private,Yes,2
101678,SAMPLE HOSPITAL 1679,NJ,Acute Care Hospitals,Voluntary non-profit - Private,No,2
101679,SAMPLE HOSPITAL 1680,MD,Critical Access Hospitals,Voluntary non-profit - Private,Yes,3
101680,SAMPLE HOSPITAL 1681,MN,Acute Care Hospitals,Voluntary non-profit - Private,No,
101681,SAMPLE HOSPITAL 1682,DE,Critical Access Hospitals,Voluntary non-profit - Private,Yes,3
101682,SAMPLE HOSPITAL 1683,CA,Acute Care Hospitals,Proprietary,Yes,3
101683,SAMPLE HOSPITAL 1684,NV,Critical Access Hospitals,Proprietary,No,1
101684,SAMPLE HOSPITAL 1685,VT,Acute Care Hospitals,Government - State,No,3
101685,SAMPLE HOSPITAL 1686,OH,Acute Care Hospitals,Government - Local,Yes,4
101686,SAMPLE HOSPITAL 1687,TX,Acute Care Hospitals,Proprietary,Yes,4
101688,SAMPLE HOSPITAL 1689,CA,Acute Care Hospitals,Voluntary non-profit - Private,Yes,2
101689,SAMPLE HOSPITAL 1690,FL,Acute Care Hospitals,Voluntary non-profit - Church,Yes,3
101690,SAMPLE HOSPITAL 1691,VT,Acute Care Hospitals,Voluntary non-profit - Private,Yes,
101691,SAMPLE HOSPITAL 1692,MN,Acute Care Hospitals,Voluntary non-profit - Private,Yes,4
101692,SAMPLE HOSPITAL 1693,UT,Acute Care Hospitals,Government - Local,Yes,2
101693,SAMPLE HOSPITAL 1694,PA,Critical Access Hospitals,Government - Hospital District or Authority,Yes,4
101694,SAMPLE HOSPITAL 1695,CA,Acute Care Hospitals,Voluntary non-profit - Private,No,4
101695,SAMPLE HOSPITAL 1696,OK,Critical Access Hospitals,Government - Local,Yes,3
101696,SAMPLE HOSPITAL 1697,MO,Acute Care Hospitals,Government - Hospital District or Authority,Yes,3
101697,SAMPLE HOSPITAL 1698,MD,Acute Care Hospitals,Voluntary non-profit - Private,Yes,3
101698,SAMPLE HOSPITAL 1699,OR,Acute Care Hospitals,Government - Local,Yes,3
101699,SAMPLE HOSPITAL 1700,CO,Critical Access Hospitals,Voluntary non-profit - Private,Yes,3
101700,SAMPLE HOSPITAL 1701,LA,Critical Access Hospitals,Proprietary,Yes,4
101701,SAMPLE HOSPITAL 1702,WV,Acute Care Hospitals,Proprietary,No,3
101702,SAMPLE HOSPITAL 1703,KY,Acute Care Hospitals,Physician,Yes,3
101703,SAMPLE HOSPITAL 1704,TX,Acute Care Hospitals,Government - Hospital District or Authority,Yes,2
101704,SAMPLE HOSPITAL 1705,CA,Acute Care Hospitals,Voluntary non-profit - Church,No,1
101705,SAMPLE HOSPITAL 1706,VT,Critical Access Hospitals,Government - Hospital District or Authority,Yes,4
101706,SAMPLE HOSPITAL 1707,WA,Acute Care Hospitals,Government - Local,No,3
101707,SAMPLE HOSPITAL 1708,MO,Acute Care Hospitals,Voluntary non-profit - Private,Yes,5
101708,SAMPLE HOSPITAL 1709,AK,Acute Care Hospitals,Voluntary non-profit - Private,No,3
101709,SAMPLE HOSPITAL 1710,RI,Acute Care Hospitals,Voluntary non-profit - Private,Yes,2
101710,SAMPLE HOSPITAL 1711,AL,Acute Care Hospitals,Government - Federal,Yes,4
101711,SAMPLE HOSPITAL 1712,AR,Acute Care Hospitals,Voluntary non-profit - Private,Yes,4
101712,SAMPLE HOSPITAL 1713,MD,Critical Access Hospitals,Government - State,Yes,2
101713,SAMPLE HOSPITAL 1714,OH,Acute Care Hospitals,Government - Federal,Yes,3
101714,SAMPLE HOSPITAL 1715,MS,Acute Care Hospitals,Government - Local,No,3
101715,SAMPLE HOSPITAL 1716,KY,Acute Care Hospitals,Physician,Yes,1
101716,SAMPLE HOSPITAL 1717,VT,Acute Care Hospitals,Voluntary non-profit - Other,Yes,2
101717,SAMPLE HOSPITAL 1718,NE,Acute Care Hospitals,Government - Hospital District or Authority,Yes,3
101718,SAMPLE HOSPITAL 1719,GA,Acute Care Hospitals,Voluntary non-profit - Private,Yes,4
101719,SAMPLE HOSPITAL 1720,NM,Acute Care Hospitals,Voluntary non-profit - Private,Yes,2
101720,SAMPLE HOSPITAL 1721,IA,Critical Access Hospitals,Voluntary non-profit - Private,Yes,4
101721,SAMPLE HOSPITAL 1722,MO,Acute Care Hospitals,Proprietary,Yes,5
101722,SAMPLE HOSPITAL 1723,OR,Critical Access Hospitals,Proprietary,Yes,4
101723,SAMPLE HOSPITAL 1724,KS,Acute Care Hospitals,Government - State,Yes,2
101724,SAMPLE HOSPITAL 1725,AL,Acute Care Hospitals,Voluntary non-profit - Other,Yes,3
101725,SAMPLE HOSPITAL 1726,NC,Acute Care Hospitals,Proprietary,No,4
101726,SAMPLE HOSPITAL 1727,RI,Acute Care Hospitals,Voluntary non-profit - Private,No,3
101727,SAMPLE HOSPITAL 1728,CT,Acute Care Hospitals,Proprietary,Yes,3
101728,SAMPLE HOSPITAL 1729,VA,Critical Access Hospitals,Government - Hospital District or Authority,No,2
101729,SAMPLE HOSPITAL 1730,IL,Acute Care Hospitals,Proprietary,Yes,3
101730,SAMPLE HOSPITAL 1731,GA,Acute Care Hospitals,Tribal,Yes,3
101731,SAMPLE HOSPITAL 1732,VA,Acute Care Hospitals,Voluntary non-profit - Private,Yes,5
101732,SAMPLE HOSPITAL 1733,SC,Acute Care Hospitals,Government - Local,Yes,3
101733,SAMPLE HOSPITAL 1734,OH,Acute Care Hospitals,Proprietary,Yes,1
101734,SAMPLE HOSPITAL 1735,OK,Acute Care Hospitals,Government - Hospital District or Authority,No,4
101735,SAMPLE HOSPITAL 1736,IA,Acute Care Hospitals,Voluntary non-profit - Church,Yes,3
101736,SAMPLE HOSPITAL 1737,MA,Acute Care Hospitals,Physician,Yes,
101737,SAMPLE HOSPITAL 1738,CA,Acute Care Hospitals,Voluntary non-profit - Private,Yes,1
101738,SAMPLE HOSPITAL 1739,PA,Acute Care Hospitals,Voluntary non-profit - Private,Yes,2
101739,SAMPLE HOSPITAL 1740,HI,Acute Care Hospitals,Voluntary non-profit - Private,Yes,5
101740,SAMPLE HOSPITAL 1741,OR,Acute Care Hospitals,Voluntary non-profit - Church,Yes,3
101741,SAMPLE HOSPITAL 1742,OR,Acute Care Hospitals,Voluntary non-profit - Church,Yes,1
101742,SAMPLE HOSPITAL 1743,VT,Acute Care Hospitals,Proprietary,Yes,3
101743,SAMPLE HOSPITAL 1744,SD,Acute Care Hospitals,Voluntary non-profit - Private,Yes,4
101744,SAMPLE HOSPITAL 1745,ID,Acute Care Hospitals,Voluntary non-profit - Private,No,4
101745,SAMPLE HOSPITAL 1746,LA,Acute Care Hospitals,Proprietary,No,
101746,SAMPLE HOSPITAL 1747,MD,Critical Access Hospitals,Voluntary non-profit - Private,Yes,1
101747,SAMPLE HOSPITAL 1748,MO,Acute Care Hospitals,Proprietary,No,2
101748,SAMPLE HOSPITAL 1749,LA,Acute Care Hospitals,Voluntary non-profit - Private,Yes,4
101750,SAMPLE HOSPITAL 1751,MD,Acute Care Hospitals,Proprietary,Yes,4
101751,SAMPLE HOSPITAL 1752,ME,Critical Access Hospitals,Government - State,Yes,2
101752,SAMPLE HOSPITAL 1753,MD,Acute Care Hospitals,Proprietary,Yes,2
101753,SAMPLE HOSPITAL 1754,LA,Acute Care Hospitals,Government - Hospital District or Authority,Yes,3
101754,SAMPLE HOSPITAL 1755,GA,Acute Care Hospitals,Government - Hospital District or Authority,Yes,3
101755,SAMPLE HOSPITAL 1756,CT,Acute Care Hospitals,Proprietary,Yes,4
101756,SAMPLE HOSPITAL 1757,NM,Acute Care Hospitals,Voluntary non-profit - Private,Yes,3
101757,SAMPLE HOSPITAL 1758,WY,Acute Care Hospitals,Government - State,Yes,4
101758,SAMPLE HOSPITAL 1759,WA,Acute Care Hospitals,Government - Local,Yes,4
101759,SAMPLE HOSPITAL 1760,ND,Acute Care Hospitals,Voluntary non-profit - Private,No,4
101760,SAMPLE HOSPITAL 1761,CO,Acute Care Hospitals,Voluntary non-profit - Private,Yes,4
101761,SAMPLE HOSPITAL 1762,ME,Acute Care Hospitals,Voluntary non-profit - Private,Yes,4
101762,SAMPLE HOSPITAL 1763,AK,Acute Care Hospitals,Proprietary,Yes,2
101763,SAMPLE HOSPITAL 1764,AZ,Acute Care Hospitals,Proprietary,Yes,2
101764,SAMPLE HOSPITAL 1765,GA,Acute Care Hospitals,Voluntary non-profit - Private,Yes,3
101765,SAMPLE HOSPITAL 1766,MA,Acute Care Hospitals,Government - Hospital District or Authority,Yes,3
101766,SAMPLE HOSPITAL 1767,NV,Acute Care Hospitals,Tribal,Yes,3
101767,SAMPLE HOSPITAL 1768,AL,Critical Access Hospitals,Voluntary non-profit - Private,Yes,2
101768,SAMPLE HOSPITAL 1769,IL,Critical Access Hospitals,Voluntary non-profit - Private,No,3
101769,SAMPLE HOSPITAL 1770,GA,Acute Care Hospitals,Voluntary non-profit - Private,Yes,4
101770,SAMPLE HOSPITAL 1771,IN,Acute Care Hospitals,Voluntary non-profit - Private,Yes,3
101771,SAMPLE HOSPITAL 1772,VA,Critical Access Hospitals,Government - Hospital District or Authority,Yes,3
101772,SAMPLE HOSPITAL 1773,CO,Acute Care Hospitals,Proprietary,Yes,4
101773,SAMPLE HOSPITAL 1774,TX,Acute Care Hospitals,Voluntary non-profit - Private,Yes,3
101774,SAMPLE HOSPITAL 1775,SC,Acute Care Hospitals,Proprietary,No,
101775,SAMPLE HOSPITAL 1776,GA,Acute Care Hospitals,Physician,Yes,4
101776,SAMPLE HOSPITAL 1777,MO,Acute Care Hospitals,Voluntary non-profit - Private,Yes,3
101779,SAMPLE HOSPITAL 1780,NJ,Acute Care Hospitals,Proprietary,Yes,4
101780,SAMPLE HOSPITAL 1781,VT,Acute Care Hospitals,Voluntary non-profit - Private,No,2
101781,SAMPLE HOSPITAL 1782,MO,Critical Access Hospitals,Voluntary non-profit - Private,Yes,
101782,SAMPLE HOSPITAL 1783,MO,Critical Access Hospitals,Government - Hospital District or Authority,Yes,1
101783,SAMPLE HOSPITAL 1784,VT,Acute Care Hospitals,Proprietary,Yes,
101784,SAMPLE HOSPITAL 1785,AL,Acute Care Hospitals,Voluntary non-profit - Church,Yes,4
101785,SAMPLE HOSPITAL 1786,CA,Acute Care Hospitals,Proprietary,Yes,3
101786,SAMPLE HOSPITAL 1787,HI,Acute Care Hospitals,Voluntary non-profit - Private,Yes,2
101787,SAMPLE HOSPITAL 1788,OR,Critical Access Hospitals,Voluntary non-profit - Private,Yes,3
101788,SAMPLE HOSPITAL 1789,DE,Acute Care Hospitals,Proprietary,No,2
101789,SAMPLE HOSPITAL 1790,IA,Acute Care Hospitals,Physician,Yes,3
101790,SAMPLE HOSPITAL 1791,NV,Acute Care Hospitals,Voluntary non-profit - Private,Yes,2
101791,SAMPLE HOSPITAL 1792,WA,Acute Care Hospitals,Voluntary non-profit - Private,Yes,3
101792,SAMPLE HOSPITAL 1793,CT,Acute Care Hospitals,Voluntary non-profit - Private,No,2
101793,SAMPLE HOSPITAL 1794,OH,Acute Care Hospitals,Proprietary,No,2
101794,SAMPLE HOSPITAL 1795,MD,Acute Care Hospitals,Government - Federal,No,4
101795,SAMPLE HOSPITAL 1796,SD,Critical Access Hospitals,Voluntary non-profit - Other,Yes,3
101796,SAMPLE HOSPITAL 1797,WY,Acute Care Hospitals,Voluntary non-profit - Private,No,4
101797,SAMPLE HOSPITAL 1798,GA,Acute Care Hospitals,Voluntary non-profit - Private,Yes,
101798,SAMPLE HOSPITAL 1799,DE,Acute Care Hospitals,Proprietary,Yes,3
101799,SAMPLE HOSPITAL 1800,WI,Acute Care Hospitals,Voluntary non-profit - Private,Yes,2
101800,SAMPLE HOSPITAL 1801,AR,Acute Care Hospitals,Voluntary non-profit - Private,Yes,3
101801,SAMPLE HOSPITAL 1802,OH,Acute Care Hospitals,Government - Hospital District or Authority,Yes,3
101802,SAMPLE HOSPITAL 1803,KS,Critical Access Hospitals,Proprietary,Yes,3
101803,SAMPLE HOSPITAL 1804,AR,Critical Access Hospitals,Government - Local,Yes,2
101804,SAMPLE HOSPITAL 1805,OK,Critical Access Hospitals,Voluntary non-profit - Private,Yes,4
101805,SAMPLE HOSPITAL 1806,SD,Acute Care Hospitals,Voluntary non-profit - Other,Yes,3
101806,SAMPLE HOSPITAL 1807,KS,Acute Care Hospitals,Voluntary non-profit - Private,Yes,5
101807,SAMPLE HOSPITAL 1808,MN,Acute Care Hospitals,Proprietary,No,4
101808,SAMPLE HOSPITAL 1809,NM,Acute Care Hospitals,Government - Federal,Yes,4
101809,SAMPLE HOSPITAL 1810,TN,Critical Access Hospitals,Voluntary non-profit - Private,Yes,4
101810,SAMPLE HOSPITAL 1811,MN,Critical Access Hospitals,Government - Local,Yes,4
101811,SAMPLE HOSPITAL 1812,VT,Acute Care Hospitals,Voluntary non-profit - Private,Yes,4
101812,SAMPLE HOSPITAL 1813,NH,Acute Care Hospitals,Proprietary,Yes,2
101813,SAMPLE HOSPITAL 1814,WI,Acute Care Hospitals,Voluntary non-profit - Church,No,
101814,SAMPLE HOSPITAL 1815,NV,Acute Care Hospitals,Proprietary,No,5
101815,SAMPLE HOSPITAL 1816,MD,Critical Access Hospitals,Voluntary non-profit - Private,Yes,3
101816,SAMPLE HOSPITAL 1817,DE,Acute Care Hospitals,Government - Hospital District or Authority,Yes,3
101817,SAMPLE HOSPITAL 1818,MO,Acute Care Hospitals,Proprietary,No,
101818,SAMPLE HOSPITAL 1819,AL,Acute Care Hospitals,Voluntary non-profit - Private,Yes,3
101819,SAMPLE HOSPITAL 1820,AK,Critical Access Hospitals,Proprietary,Yes,
101820,SAMPLE HOSPITAL 1821,TX,Acute Care Hospitals,Government - Hospital District or Authority,Yes,4
101821,SAMPLE HOSPITAL 1822,WV,Acute Care Hospitals,Voluntary non-profit - Private,Yes,4
101822,SAMPLE HOSPITAL 1823,WA,Acute Care Hospitals,Voluntary non-profit - Private,Yes,4
101823,SAMPLE HOSPITAL 1824,MO,Critical Access Hospitals,Voluntary non-profit - Other,Yes,1
101824,SAMPLE HOSPITAL 1825,NC,Acute Care Hospitals,Government - Local,Yes,2
101825,SAMPLE HOSPITAL 1826,AK,Acute Care Hospitals,Physician,Yes,3
101826,SAMPLE HOSPITAL 1827,RI,Acute Care Hospitals,Government - State,Yes,5
101827,SAMPLE HOSPITAL 1828,HI,Acute Care Hospitals,Voluntary non-profit - Church,Yes,4
101828,SAMPLE HOSPITAL 1829,NV,Acute Care Hospitals,Government - State,Yes,3
101829,SAMPLE HOSPITAL 1830,OH,Acute Care Hospitals,Proprietary,Yes,4
101830,SAMPLE HOSPITAL 1831,AL,Acute Care Hospitals,Proprietary,Yes,5
101831,SAMPLE HOSPITAL 1832,AL,Acute Care Hospitals,Government - State,Yes,4
101832,SAMPLE HOSPITAL 1833,SD,Acute Care Hospitals,Proprietary,Yes,3
101833,SAMPLE HOSPITAL 1834,OK,Acute Care Hospitals,Voluntary non-profit - Private,Yes,3
101834,SAMPLE HOSPITAL 1835,NY,Critical Access Hospitals,Voluntary non-profit - Private,Yes,
101835,SAMPLE HOSPITAL 1836,RI,Acute Care Hospitals,Voluntary non-profit - Private,Yes,4
101836,SAMPLE HOSPITAL 1837,MD,Acute Care Hospitals,Voluntary non-profit - Private,No,3
101837,SAMPLE HOSPITAL 1838,IL,Acute Care Hospitals,Voluntary non-profit - Private,Yes,2
101839,SAMPLE HOSPITAL 1840,OK,Critical Access Hospitals,Voluntary non-profit - Other,Yes,
101840,SAMPLE HOSPITAL 1841,UT,Acute Care Hospitals,Government - State,Yes,2
101841,SAMPLE HOSPITAL 1842,NM,Acute Care Hospitals,Voluntary non-profit - Private,No,4
101842,SAMPLE HOSPITAL 1843,NY,Acute Care Hospitals,Government - Federal,Yes,3
101843,SAMPLE HOSPITAL 1844,IA,Critical Access Hospitals,Voluntary non-profit - Private,Yes,2
101844,SAMPLE HOSPITAL 1845,VT,Critical Access Hospitals,Proprietary,Yes,3
101845,SAMPLE HOSPITAL 1846,HI,Acute Care Hospitals,Government - Hospital District or Authority,Yes,2
101846,SAMPLE HOSPITAL 1847,SC,Acute Care Hospitals,Proprietary,Yes,4
101847,SAMPLE HOSPITAL 1848,WY,Acute Care Hospitals,Voluntary non-profit - Church,No,3
101848,SAMPLE HOSPITAL 1849,WA,Acute Care Hospitals,Proprietary,Yes,
101849,SAMPLE HOSPITAL 1850,SD,Critical Access Hospitals,Voluntary non-profit - Private,Yes,2
101850,SAMPLE HOSPITAL 1851,CT,Acute Care Hospitals,Voluntary non-profit - Private,Yes,3
101851,SAMPLE HOSPITAL 1852,SD,Acute Care Hospitals,Proprietary,No,2
101852,SAMPLE HOSPITAL 1853,OH,Critical Access Hospitals,Physician,Yes,2
101854,SAMPLE HOSPITAL 1855,MS,Acute Care Hospitals,Government - Hospital District or Authority,Yes,3
101855,SAMPLE HOSPITAL 1856,IL,Acute Care Hospitals,Voluntary non-profit - Private,Yes,1
101856,SAMPLE HOSPITAL 1857,OH,Acute Care Hospitals,Proprietary,Yes,2
101857,SAMPLE HOSPITAL 1858,OH,Acute Care Hospitals,Voluntary non-profit - Private,Yes,4
101858,SAMPLE HOSPITAL 1859,MI,Acute Care Hospitals,Voluntary non-profit - Private,No,4
101859,SAMPLE HOSPITAL 1860,OR,Critical Access Hospitals,Voluntary non-profit - Private,Yes,3
101860,SAMPLE HOSPITAL 1861,NH,Acute Care Hospitals,Government - Hospital District or Authority,Yes,3
101861,SAMPLE HOSPITAL 1862,CT,Acute Care Hospitals,Voluntary non-profit - Private,Yes,2
101862,SAMPLE HOSPITAL 1863,HI,Critical Access Hospitals,Voluntary non-profit - Private,Yes,
101863,SAMPLE HOSPITAL 1864,MO,Critical Access Hospitals,Proprietary,No,
101864,SAMPLE HOSPITAL 1865,MA,Critical Access Hospitals,Physician,Yes,3
101865,SAMPLE HOSPITAL 1866,IL,Acute Care Hospitals,Voluntary non-profit - Other,No,
101867,SAMPLE HOSPITAL 1868,AK,Critical Access Hospitals,Proprietary,Yes,4
101868,SAMPLE HOSPITAL 1869,OR,Acute Care Hospitals,Voluntary non-profit - Private,Yes,1
101869,SAMPLE HOSPITAL 1870,WI,Acute Care Hospitals,Government - Local,Yes,3
101870,SAMPLE HOSPITAL 1871,TN,Critical Access Hospitals,Government - Hospital District or Authority,Yes,4
101871,SAMPLE HOSPITAL 1872,IL,Acute Care Hospitals,Proprietary,No,
101872,SAMPLE HOSPITAL 1873,TN,Critical Access Hospitals,Voluntary non-profit - Private,Yes,4
101873,SAMPLE HOSPITAL 1874,RI,Acute Care Hospitals,Proprietary,No,1
101874,SAMPLE HOSPITAL 1875,FL,Acute Care Hospitals,Proprietary,No,4
101875,SAMPLE HOSPITAL 1876,NJ,Acute Care Hospitals,Proprietary,Yes,3
101876,SAMPLE HOSPITAL 1877,CT,Acute Care Hospitals,Proprietary,Yes,3
101877,SAMPLE HOSPITAL 1878,SD,Acute Care Hospitals,Voluntary non-profit - Other,Yes,4
101878,SAMPLE HOSPITAL 1879,OR,Acute Care Hospitals,Government - Local,Yes,3
101879,SAMPLE HOSPITAL 1880,ID,Acute Care Hospitals,Voluntary non-profit - Private,No,3
101880,SAMPLE HOSPITAL 1881,AL,Acute Care Hospitals,Government - Hospital District or Authority,Yes,2
101881,SAMPLE HOSPITAL 1882,MT,Acute Care Hospitals,Voluntary non-profit - Church,Yes,3
101882,SAMPLE HOSPITAL 1883,AK,Acute Care Hospitals,Voluntary non-profit - Church,Yes,4
101883,SAMPLE HOSPITAL 1884,WI,Acute Care Hospitals,Proprietary,No,4
101884,SAMPLE HOSPITAL 1885,CA,Acute Care Hospitals,Government - Hospital District or Authority,Yes,3
101885,SAMPLE HOSPITAL 1886,NY,Acute Care Hospitals,Voluntary non-profit - Private,Yes,3
101886,SAMPLE HOSPITAL 1887,NE,Acute Care Hospitals,Voluntary non-profit - Private,No,2
101887,SAMPLE HOSPITAL 1888,AL,Acute Care Hospitals,Voluntary non-profit - Private,Yes,2
101888,SAMPLE HOSPITAL 1889,MD,Acute Care Hospitals,Proprietary,Yes,4
101889,SAMPLE HOSPITAL 1890,CT,Acute Care Hospitals,Proprietary,Yes,3
101890,SAMPLE HOSPITAL 1891,LA,Acute Care Hospitals,Voluntary non-profit - Private,Yes,4
101891,SAMPLE HOSPITAL 1892,HI,Acute Care Hospitals,Proprietary,No,4
101892,SAMPLE HOSPITAL 1893,KY,Critical Access Hospitals,Government - State,Yes,3
101893,SAMPLE HOSPITAL 1894,MD,Critical Access Hospitals,Physician,Yes,3
101894,SAMPLE HOSPITAL 1895,OR,Critical Access Hospitals,Government - Hospital District or Authority,Yes,2
101895,SAMPLE HOSPITAL 1896,MT,Acute Care Hospitals,Proprietary,No,3
101896,SAMPLE HOSPITAL 1897,LA,Acute Care Hospitals,Voluntary non-profit - Private,Yes,2
101897,SAMPLE HOSPITAL 1898,HI,Acute Care Hospitals,Voluntary non-profit - Private,Yes,2
101898,SAMPLE HOSPITAL 1899,AL,Acute Care Hospitals,Proprietary,Yes,3
101899,SAMPLE HOSPITAL 1900,AL,Acute Care Hospitals,Government - Hospital District or Authority,Yes,1
101900,SAMPLE HOSPITAL 1901,PA,Acute Care Hospitals,Proprietary,No,1
101901,SAMPLE HOSPITAL 1902,WV,Acute Care Hospitals,Government - Local,No,2
101902,SAMPLE HOSPITAL 1903,NM,Acute Care Hospitals,Voluntary non-profit - Private,No,2
101903,SAMPLE HOSPITAL 1904,CO,Acute Care Hospitals,Voluntary non-profit - Private,Yes,3
101904,SAMPLE HOSPITAL 1905,GA,Acute Care Hospitals,Voluntary non-profit - Private,Yes,4
101905,SAMPLE HOSPITAL 1906,ME,Acute Care Hospitals,Voluntary non-profit - Private,Yes,3
101906,SAMPLE HOSPITAL 1907,LA,Critical Access Hospitals,Proprietary,No,4
101907,SAMPLE HOSPITAL 1908,RI,Critical Access Hospitals,Voluntary non-profit - Church,Yes,2
101908,SAMPLE HOSPITAL 1909,FL,Acute Care Hospitals,Voluntary non-profit - Church,Yes,4
101909,SAMPLE HOSPITAL 1910,ME,Acute Care Hospitals,Voluntary non-profit - Other,Yes,4
101910,SAMPLE HOSPITAL 1911,SD,Critical Access Hospitals,Voluntary non-profit - Private,Yes,3
101911,SAMPLE HOSPITAL 1912,IA,Acute Care Hospitals,Proprietary,Yes,2
101912,SAMPLE HOSPITAL 1913,IL,Acute Care Hospitals,Voluntary non-profit - Private,No,3
101913,SAMPLE HOSPITAL 1914,WV,Critical Access Hospitals,Government - Hospital District or Authority,Yes,3
101914,SAMPLE HOSPITAL 1915,MO,Critical Access Hospitals,Voluntary non-profit - Private,Yes,2
101915,SAMPLE HOSPITAL 1916,CT,Acute Care Hospitals,Voluntary non-profit - Private,Yes,5
101916,SAMPLE HOSPITAL 1917,NY,Acute Care Hospitals,Proprietary,No,4
101917,SAMPLE HOSPITAL 1918,TX,Acute Care Hospitals,Voluntary non-profit - Private,Yes,4
101918,SAMPLE HOSPITAL 1919,LA,Critical Access Hospitals,Proprietary,Yes,3
101919,SAMPLE HOSPITAL 1920,SD,Acute Care Hospitals,Proprietary,Yes,2
101920,SAMPLE HOSPITAL 1921,GA,Acute Care Hospitals,Government - Local,No,
101921,SAMPLE HOSPITAL 1922,OK,Acute Care Hospitals,Voluntary non-profit - Private,Yes,3
101922,SAMPLE HOSPITAL 1923,AK,Acute Care Hospitals,Voluntary non-profit - Church,Yes,3
101923,SAMPLE HOSPITAL 1924,OH,Acute Care Hospitals,Government - Hospital District or Authority,Yes,3
101924,SAMPLE HOSPITAL 1925,WA,Acute Care Hospitals,Voluntary non-profit - Private,Yes,
101925,SAMPLE HOSPITAL 1926,MN,Acute Care Hospitals,Voluntary non-profit - Private,Yes,5
101926,SAMPLE HOSPITAL 1927,KS,Critical Access Hospitals,Voluntary non-profit - Church,Yes,
101927,SAMPLE HOSPITAL 1928,VA,Acute Care Hospitals,Voluntary non-profit - Church,Yes,5
101928,SAMPLE HOSPITAL 1929,CO,Acute Care Hospitals,Proprietary,No,3
101929,SAMPLE HOSPITAL 1930,WI,Acute Care Hospitals,Proprietary,Yes,3
101930,SAMPLE HOSPITAL 1931,WA,Critical Access Hospitals,Voluntary non-profit - Private,Yes,1
101931,SAMPLE HOSPITAL 1932,AL,Acute Care Hospitals,Government - Local,No,3
101932,SAMPLE HOSPITAL 1933,ND,Acute Care Hospitals,Voluntary non-profit - Private,No,
101933,SAMPLE HOSPITAL 1934,CT,Critical Access Hospitals,Voluntary non-profit - Private,Yes,3
101934,SAMPLE HOSPITAL 1935,UT,Acute Care Hospitals,Government - Local,Yes,3
101935,SAMPLE HOSPITAL 1936,NH,Acute Care Hospitals,Voluntary non-profit - Private,Yes,3
101936,SAMPLE HOSPITAL 1937,MN,Acute Care Hospitals,Voluntary non-profit - Private,Yes,3
101937,SAMPLE HOSPITAL 1938,MT,Acute Care Hospitals,Voluntary non-profit - Church,No,3
101938,SAMPLE HOSPITAL 1939,TX,Acute Care Hospitals,Voluntary non-profit - Private,Yes,
101939,SAMPLE HOSPITAL 1940,VT,Critical Access Hospitals,Voluntary non-profit - Other,Yes,5
101940,SAMPLE HOSPITAL 1941,NM,Critical Access Hospitals,Proprietary,Yes,1
101941,SAMPLE HOSPITAL 1942,SC,Acute Care Hospitals,Voluntary non-profit - Private,No,4
101942,SAMPLE HOSPITAL 1943,RI,Critical Access Hospitals,Proprietary,No,2
101943,SAMPLE HOSPITAL 1944,VA,Acute Care Hospitals,Voluntary non-profit - Private,Yes,3
101944,SAMPLE HOSPITAL 1945,WI,Critical Access Hospitals,Proprietary,No,3
101945,SAMPLE HOSPITAL 1946,DE,Acute Care Hospitals,Voluntary non-profit - Church,No,4
101947,SAMPLE HOSPITAL 1948,WI,Acute Care Hospitals,Voluntary non-profit - Private,Yes,
101948,SAMPLE HOSPITAL 1949,WY,Acute Care Hospitals,Voluntary non-profit - Church,Yes,
101949,SAMPLE HOSPITAL 1950,NC,Acute Care Hospitals,Proprietary,Yes,4
101950,SAMPLE HOSPITAL 1951,CT,Acute Care Hospitals,Government - Local,Yes,3
101951,SAMPLE HOSPITAL 1952,NC,Acute Care Hospitals,Proprietary,No,4
101952,SAMPLE HOSPITAL 1953,GA,Acute Care Hospitals,Proprietary,No,4
101954,SAMPLE HOSPITAL 1955,VT,Critical Access Hospitals,Proprietary,No,4
101955,SAMPLE HOSPITAL 1956,TX,Acute Care Hospitals,Voluntary non-profit - Private,Yes,3
101956,SAMPLE HOSPITAL 1957,WY,Acute Care Hospitals,Government - State,No,4
101957,SAMPLE HOSPITAL 1958,NV,Acute Care Hospitals,Proprietary,No,
101958,SAMPLE HOSPITAL 1959,NY,Acute Care Hospitals,Voluntary non-profit - Private,Yes,4
101959,SAMPLE HOSPITAL 1960,NM,Acute Care Hospitals,Voluntary non-profit - Private,Yes,2
101960,SAMPLE HOSPITAL 1961,NM,Critical Access Hospitals,Voluntary non-profit - Private,Yes,1
101961,SAMPLE HOSPITAL 1962,AR,Acute Care Hospitals,Voluntary non-profit - Private,Yes,4
101962,SAMPLE HOSPITAL 1963,CT,Acute Care Hospitals,Tribal,Yes,5
101963,SAMPLE HOSPITAL 1964,CT,Acute Care Hospitals,Voluntary non-profit - Private,No,4
101964,SAMPLE HOSPITAL 1965,WI,Acute Care Hospitals,Proprietary,Yes,
101965,SAMPLE HOSPITAL 1966,ID,Acute Care Hospitals,Proprietary,No,4
101966,SAMPLE HOSPITAL 1967,NV,Critical Access Hospitals,Proprietary,Yes,
101967,SAMPLE HOSPITAL 1968,CT,Critical Access Hospitals,Voluntary non-profit - Church,Yes,2
101968,SAMPLE HOSPITAL 1969,HI,Acute Care Hospitals,Voluntary non-profit - Other,No,3
101969,SAMPLE HOSPITAL 1970,TN,Critical Access Hospitals,Proprietary,Yes,2
101970,SAMPLE HOSPITAL 1971,SC,Acute Care Hospitals,Government - Hospital District or Authority,Yes,4
101971,SAMPLE HOSPITAL 1972,WI,Critical Access Hospitals,Proprietary,Yes,3
101972,SAMPLE HOSPITAL 1973,RI,Acute Care Hospitals,Voluntary non-profit - Private,Yes,2
101973,SAMPLE HOSPITAL 1974,PA,Acute Care Hospitals,Voluntary non-profit - Private,Yes,4
101974,SAMPLE HOSPITAL 1975,CA,Critical Access Hospitals,Voluntary non-profit - Private,Yes,2
101975,SAMPLE HOSPITAL 1976,ME,Acute Care Hospitals,Proprietary,Yes,3
101976,SAMPLE HOSPITAL 1977,SC,Acute Care Hospitals,Voluntary non-profit - Private,Yes,3
101977,SAMPLE HOSPITAL 1978,MN,Acute Care Hospitals,Voluntary non-profit - Private,Yes,4
101978,SAMPLE HOSPITAL 1979,NH,Acute Care Hospitals,Voluntary non-profit - Private,No,2
101979,SAMPLE HOSPITAL 1980,MT,Critical Access Hospitals,Voluntary non-profit - Other,Yes,2
101980,SAMPLE HOSPITAL 1981,TN,Acute Care Hospitals,Proprietary,Yes,2
101981,SAMPLE HOSPITAL 1982,NM,Acute Care Hospitals,Voluntary non-profit - Private,No,3
101982,SAMPLE HOSPITAL 1983,KY,Acute Care Hospitals,Voluntary non-profit - Private,Yes,4
101983,SAMPLE HOSPITAL 1984,TX,Acute Care Hospitals,Proprietary,Yes,5
101984,SAMPLE HOSPITAL 1985,MN,Acute Care Hospitals,Voluntary non-profit - Private,Yes,3
101985,SAMPLE HOSPITAL 1986,TX,Acute Care Hospitals,Voluntary non-profit - Church,Yes,3
101986,SAMPLE HOSPITAL 1987,MS,Acute Care Hospitals,Proprietary,Yes,4
101987,SAMPLE HOSPITAL 1988,PA,Acute Care Hospitals,Voluntary non-profit - Church,No,5
101988,SAMPLE HOSPITAL 1989,OR,Acute Care Hospitals,Proprietary,Yes,2
101989,SAMPLE HOSPITAL 1990,HI,Critical Access Hospitals,Voluntary non-profit - Private,Yes,2
101990,SAMPLE HOSPITAL 1991,WV,Acute Care Hospitals,Voluntary non-profit - Other,Yes,2
101991,SAMPLE HOSPITAL 1992,AK,Acute Care Hospitals,Government - State,Yes,2
101992,SAMPLE HOSPITAL 1993,WV,Acute Care Hospitals,Voluntary non-profit - Private,No,3
101993,SAMPLE HOSPITAL 1994,HI,Acute Care Hospitals,Government - Local,Yes,3
101994,SAMPLE HOSPITAL 1995,CO,Acute Care Hospitals,Voluntary non-profit - Other,Yes,3
101995,SAMPLE HOSPITAL 1996,VT,Acute Care Hospitals,Government - Local,Yes,3
101996,SAMPLE HOSPITAL 1997,NV,Acute Care Hospitals,Voluntary non-profit - Private,Yes,
101997,SAMPLE HOSPITAL 1998,OR,Acute Care Hospitals,Proprietary,No,3
101998,SAMPLE HOSPITAL 1999,AL,Acute Care Hospitals,Voluntary non-profit - Private,Yes,5
101999,SAMPLE HOSPITAL 2000,MT,Acute Care Hospitals,Proprietary,Yes,2
102000,SAMPLE HOSPITAL 2001,AL,Acute Care Hospitals,Voluntary non-profit - Other,Yes,2
102001,SAMPLE HOSPITAL 2002,IA,Acute Care Hospitals,Voluntary non-profit - Other,Yes,3
102002,SAMPLE HOSPITAL 2003,IL,Acute Care Hospitals,Voluntary non-profit - Church,No,3
102003,SAMPLE HOSPITAL 2004,NM,Acute Care Hospitals,Government - Hospital District or Authority,Yes,3
102004,SAMPLE HOSPITAL 2005,ID,Acute Care Hospitals,Voluntary non-profit - Private,No,
102005,SAMPLE HOSPITAL 2006,AK,Critical Access Hospitals,Voluntary non-profit - Private,Yes,3
102006,SAMPLE HOSPITAL 2007,NH,Acute Care Hospitals,Voluntary non-profit - Church,No,3
102007,SAMPLE HOSPITAL 2008,OR,Acute Care Hospitals,Government - Local,Yes,3
102008,SAMPLE HOSPITAL 2009,NE,Acute Care Hospitals,Physician,Yes,3
102009,SAMPLE HOSPITAL 2010,RI,Critical Access Hospitals,Voluntary non-profit - Private,No,2
102010,SAMPLE HOSPITAL 2011,WA,Acute Care Hospitals,Voluntary non-profit - Private,No,2
102011,SAMPLE HOSPITAL 2012,AR,Acute Care Hospitals,Physician,Yes,2
102012,SAMPLE HOSPITAL 2013,LA,Acute Care Hospitals,Voluntary non-profit - Other,No,3
102013,SAMPLE HOSPITAL 2014,NJ,Critical Access Hospitals,Government - Hospital District or Authority,Yes,1
102014,SAMPLE HOSPITAL 2015,TX,Acute Care Hospitals,Voluntary non-profit - Church,Yes,1
102015,SAMPLE HOSPITAL 2016,OR,Acute Care Hospitals,Voluntary non-profit - Private,Yes,2
102016,SAMPLE HOSPITAL 2017,MS,Acute Care Hospitals,Voluntary non-profit - Church,Yes,4
102017,SAMPLE HOSPITAL 2018,AK,Acute Care Hospitals,Government - Federal,Yes,4
102018,SAMPLE HOSPITAL 2019,WV,Acute Care Hospitals,Voluntary non-profit - Church,No,2
102019,SAMPLE HOSPITAL 2020,MI,Acute Care Hospitals,Voluntary non-profit - Private,No,
102020,SAMPLE HOSPITAL 2021,IN,Acute Care Hospitals,Voluntary non-profit - Church,No,1
102021,SAMPLE HOSPITAL 2022,AK,Acute Care Hospitals,Voluntary non-profit - Private,No,5
102022,SAMPLE HOSPITAL 2023,WI,Acute Care Hospitals,Voluntary non-profit - Private,Yes,4
102023,SAMPLE HOSPITAL 2024,WI,Acute Care Hospitals,Proprietary,Yes,3
102024,SAMPLE HOSPITAL 2025,UT,Acute Care Hospitals,Voluntary non-profit - Church,No,3
102025,SAMPLE HOSPITAL 2026,WV,Acute Care Hospitals,Proprietary,Yes,3
102026,SAMPLE HOSPITAL 2027,CO,Acute Care Hospitals,Voluntary non-profit - Private,Yes,4
102027,SAMPLE HOSPITAL 2028,WY,Acute Care Hospitals,Voluntary non-profit - Private,Yes,4
102028,SAMPLE HOSPITAL 2029,KY,Acute Care Hospitals,Voluntary non-profit - Private,Yes,3
102029,SAMPLE HOSPITAL 2030,NJ,Acute Care Hospitals,Physician,Yes,
102030,SAMPLE HOSPITAL 2031,TX,Acute Care Hospitals,Proprietary,Yes,2
102031,SAMPLE HOSPITAL 2032,WY,Acute Care Hospitals,Voluntary non-profit - Private,No,2
102032,SAMPLE HOSPITAL 2033,WY,Acute Care Hospitals,Voluntary non-profit - Private,Yes,1
102033,SAMPLE HOSPITAL 2034,ND,Acute Care Hospitals,Proprietary,No,3
102034,SAMPLE HOSPITAL 2035,OK,Critical Access Hospitals,Voluntary non-profit - Church,Yes,3
102035,SAMPLE HOSPITAL 2036,OR,Acute Care Hospitals,Government - Federal,Yes,2
102036,SAMPLE HOSPITAL 2037,WA,Acute Care Hospitals,Voluntary non-profit - Private,Yes,
102037,SAMPLE HOSPITAL 2038,KS,Critical Access Hospitals,Voluntary non-profit - Private,Yes,2
102038,SAMPLE HOSPITAL 2039,MA,Acute Care Hospitals,Government - Local,No,4
102039,SAMPLE HOSPITAL 2040,AL,Critical Access Hospitals,Voluntary non-profit - Private,Yes,3
102041,SAMPLE HOSPITAL 2042,KS,Critical Access Hospitals,Government - State,Yes,3
102042,SAMPLE HOSPITAL 2043,AZ,Acute Care Hospitals,Government - Hospital District or Authority,Yes,3
102043,SAMPLE HOSPITAL 2044,WY,Acute Care Hospitals,Voluntary non-profit - Church,Yes,2
102044,SAMPLE HOSPITAL 2045,LA,Acute Care Hospitals,Proprietary,No,4
102045,SAMPLE HOSPITAL 2046,ME,Critical Access Hospitals,Voluntary non-profit - Private,Yes,4
102046,SAMPLE HOSPITAL 2047,KY,Acute Care Hospitals,Voluntary non-profit - Other,No,2
102047,SAMPLE HOSPITAL 2048,CA,Acute Care Hospitals,Government - Local,Yes,3
102048,SAMPLE HOSPITAL 2049,PA,Critical Access Hospitals,Voluntary non-profit - Other,No,5
102049,SAMPLE HOSPITAL 2050,VA,Acute Care Hospitals,Voluntary non-profit - Private,Yes,
102050,SAMPLE HOSPITAL 2051,AR,Acute Care Hospitals,Physician,Yes,3
102051,SAMPLE HOSPITAL 2052,GA,Acute Care Hospitals,Government - State,Yes,3
102052,SAMPLE HOSPITAL 2053,SC,Acute Care Hospitals,Government - Federal,Yes,
102053,SAMPLE HOSPITAL 2054,IN,Acute Care Hospitals,Voluntary non-profit - Private,No,4
102054,SAMPLE HOSPITAL 2055,TN,Acute Care Hospitals,Voluntary non-profit - Private,Yes,2
102055,SAMPLE HOSPITAL 2056,MI,Critical Access Hospitals,Tribal,No,4
102056,SAMPLE HOSPITAL 2057,RI,Acute Care Hospitals,Physician,Yes,2
102057,SAMPLE HOSPITAL 2058,TN,Acute Care Hospitals,Voluntary non-profit - Private,No,5
102058,SAMPLE HOSPITAL 2059,OR,Critical Access Hospitals,Voluntary non-profit - Private,Yes,2
102059,SAMPLE HOSPITAL 2060,MD,Acute Care Hospitals,Proprietary,Yes,3
102060,SAMPLE HOSPITAL 2061,MT,Acute Care Hospitals,Physician,Yes,3
102061,SAMPLE HOSPITAL 2062,IA,Acute Care Hospitals,Government - Local,Yes,
102062,SAMPLE HOSPITAL 2063,PA,Critical Access Hospitals,Voluntary non-profit - Private,No,3
102063,SAMPLE HOSPITAL 2064,ME,Acute Care Hospitals,Voluntary non-profit - Private,Yes,3
102064,SAMPLE HOSPITAL 2065,AL,Critical Access Hospitals,Proprietary,Yes,4
102065,SAMPLE HOSPITAL 2066,CO,Acute Care Hospitals,Voluntary non-profit - Private,Yes,2
102066,SAMPLE HOSPITAL 2067,KY,Acute Care Hospitals,Government - Hospital District or Authority,Yes,
102067,SAMPLE HOSPITAL 2068,MA,Acute Care Hospitals,Government - Local,Yes,3
102068,SAMPLE HOSPITAL 2069,AR,Acute Care Hospitals,Voluntary non-profit - Private,Yes,3
102069,SAMPLE HOSPITAL 2070,AK,Acute Care Hospitals,Voluntary non-profit - Private,Yes,4
102070,SAMPLE HOSPITAL 2071,KS,Acute Care Hospitals,Proprietary,Yes,2
102071,SAMPLE HOSPITAL 2072,TX,Acute Care Hospitals,Proprietary,Yes,2
102072,SAMPLE HOSPITAL 2073,IN,Acute Care Hospitals,Voluntary non-profit - Church,Yes,5
102073,SAMPLE HOSPITAL 2074,AK,Acute Care Hospitals,Voluntary non-profit - Church,Yes,5
102074,SAMPLE HOSPITAL 2075,RI,Acute Care Hospitals,Proprietary,Yes,3
102075,SAMPLE HOSPITAL 2076,IA,Acute Care Hospitals,Voluntary non-profit - Private,No,2
102076,SAMPLE HOSPITAL 2077,KS,Acute Care Hospitals,Proprietary,Yes,3
102077,SAMPLE HOSPITAL 2078,GA,Acute Care Hospitals,Government - Hospital District or Authority,Yes,4
102078,SAMPLE HOSPITAL 2079,SD,Acute Care Hospitals,Proprietary,No,4
102079,SAMPLE HOSPITAL 2080,NY,Critical Access Hospitals,Voluntary non-profit - Private,Yes,4
102080,SAMPLE HOSPITAL 2081,FL,Acute Care Hospitals,Government - State,No,2
102081,SAMPLE HOSPITAL 2082,AR,Acute Care Hospitals,Government - Hospital District or Authority,Yes,3
102082,SAMPLE HOSPITAL 2083,TN,Critical Access Hospitals,Proprietary,Yes,4
102083,SAMPLE HOSPITAL 2084,HI,Acute Care Hospitals,Government - Hospital District or Authority,No,1
102084,SAMPLE HOSPITAL 2085,WI,Acute Care Hospitals,Voluntary non-profit - Private,No,2
102085,SAMPLE HOSPITAL 2086,AZ,Acute Care Hospitals,Voluntary non-profit - Private,Yes,1
102086,SAMPLE HOSPITAL 2087,KY,Acute Care Hospitals,Physician,Yes,4
102087,SAMPLE HOSPITAL 2088,VT,Acute Care Hospitals,Proprietary,No,
102088,SAMPLE HOSPITAL 2089,MN,Acute Care Hospitals,Voluntary non-profit - Private,Yes,3
102089,SAMPLE HOSPITAL 2090,GA,Acute Care Hospitals,Government - Hospital District or Authority,Yes,5
102090,SAMPLE HOSPITAL 2091,NE,Acute Care Hospitals,Government - State,Yes,4
102091,SAMPLE HOSPITAL 2092,FL,Acute Care Hospitals,Voluntary non-profit - Private,Yes,
102092,SAMPLE HOSPITAL 2093,CA,Acute Care Hospitals,Voluntary non-profit - Other,Yes,2
102093,SAMPLE HOSPITAL 2094,ND,Acute Care Hospitals,Voluntary non-profit - Private,No,
102094,SAMPLE HOSPITAL 2095,OR,Acute Care Hospitals,Voluntary non-profit - Private,No,2
102095,SAMPLE HOSPITAL 2096,DE,Acute Care Hospitals,Voluntary non-profit - Other,Yes,1
102096,SAMPLE HOSPITAL 2097,VA,Acute Care Hospitals,Voluntary non-profit - Private,No,3
102097,SAMPLE HOSPITAL 2098,MT,Acute Care Hospitals,Government - Hospital District or Authority,No,3
102098,SAMPLE HOSPITAL 2099,NM,Critical Access Hospitals,Voluntary non-profit - Private,No,3
102099,SAMPLE HOSPITAL 2100,IN,Critical Access Hospitals,Voluntary non-profit - Private,Yes,3
102100,SAMPLE HOSPITAL 2101,MT,Acute Care Hospitals,Voluntary non-profit - Private,Yes,4
102101,SAMPLE HOSPITAL 2102,IA,Acute Care Hospitals,Proprietary,Yes,4
102102,SAMPLE HOSPITAL 2103,VT,Acute Care Hospitals,Proprietary,Yes,3
102103,SAMPLE HOSPITAL 2104,RI,Critical Access Hospitals,Proprietary,Yes,2
102104,SAMPLE HOSPITAL 2105,MO,Acute Care Hospitals,Voluntary non-profit - Private,No,3
102105,SAMPLE HOSPITAL 2106,ME,Critical Access Hospitals,Voluntary non-profit - Church,No,3
102106,SAMPLE HOSPITAL 2107,NJ,Critical Access Hospitals,Government - Hospital District or Authority,Yes,3
102107,SAMPLE HOSPITAL 2108,NH,Acute Care Hospitals,Voluntary non-profit - Private,Yes,3
102108,SAMPLE HOSPITAL 2109,CO,Acute Care Hospitals,Government - Hospital District or Authority,Yes,4
102109,SAMPLE HOSPITAL 2110,NC,Critical Access Hospitals,Government - Local,Yes,
102110,SAMPLE HOSPITAL 2111,AZ,Critical Access Hospitals,Government - Hospital District or Authority,No,2
102112,SAMPLE HOSPITAL 2113,WV,Acute Care Hospitals,Government - State,No,4
102113,SAMPLE HOSPITAL 2114,AZ,Acute Care Hospitals,Government - Local,No,2
102114,SAMPLE HOSPITAL 2115,ME,Acute Care Hospitals,Voluntary non-profit - Private,Yes,2
102115,SAMPLE HOSPITAL 2116,TX,Acute Care Hospitals,Proprietary,No,
102116,SAMPLE HOSPITAL 2117,WV,Acute Care Hospitals,Voluntary non-profit - Church,Yes,5
102117,SAMPLE HOSPITAL 2118,SD,Critical Access Hospitals,Government - Hospital District or Authority,Yes,2
102118,SAMPLE HOSPITAL 2119,FL,Acute Care Hospitals,Proprietary,No,1
102119,SAMPLE HOSPITAL 2120,VT,Acute Care Hospitals,Voluntary non-profit - Church,Yes,2
102120,SAMPLE HOSPITAL 2121,MT,Acute Care Hospitals,Proprietary,Yes,1
102121,SAMPLE HOSPITAL 2122,AL,Acute Care Hospitals,Proprietary,Yes,3
102122,SAMPLE HOSPITAL 2123,NE,Acute Care Hospitals,Proprietary,No,1
102123,SAMPLE HOSPITAL 2124,MA,Acute Care Hospitals,Voluntary non-profit - Church,No,
102124,SAMPLE HOSPITAL 2125,ND,Acute Care Hospitals,Voluntary non-profit - Private,No,3
102125,SAMPLE HOSPITAL 2126,ME,Acute Care Hospitals,Voluntary non-profit - Church,Yes,1
102126,SAMPLE HOSPITAL 2127,WA,Acute Care Hospitals,Proprietary,Yes,
102127,SAMPLE HOSPITAL 2128,OH,Acute Care Hospitals,Voluntary non-profit - Private,Yes,4
102128,SAMPLE HOSPITAL 2129,PA,Acute Care Hospitals,Voluntary non-profit - Church,Yes,4
102129,SAMPLE HOSPITAL 2130,MI,Critical Access Hospitals,Voluntary non-profit - Church,Yes,1
102130,SAMPLE HOSPITAL 2131,WI,Acute Care Hospitals,Physician,Yes,4
102131,SAMPLE HOSPITAL 2132,UT,Acute Care Hospitals,Voluntary non-profit - Other,Yes,
102132,SAMPLE HOSPITAL 2133,VA,Acute Care Hospitals,Voluntary non-profit - Private,Yes,
102133,SAMPLE HOSPITAL 2134,MI,Acute Care Hospitals,Voluntary non-profit - Private,No,2
102134,SAMPLE HOSPITAL 2135,TX,Acute Care Hospitals,Government - State,Yes,4
102135,SAMPLE HOSPITAL 2136,UT,Acute Care Hospitals,Government - Local,Yes,2
102137,SAMPLE HOSPITAL 2138,HI,Critical Access Hospitals,Voluntary non-profit - Private,Yes,4
102138,SAMPLE HOSPITAL 2139,MO,Acute Care Hospitals,Government - State,Yes,4
102139,SAMPLE HOSPITAL 2140,NJ,Critical Access Hospitals,Proprietary,No,3
102140,SAMPLE HOSPITAL 2141,SC,Acute Care Hospitals,Voluntary non-profit - Private,Yes,2
102141,SAMPLE HOSPITAL 2142,GA,Acute Care Hospitals,Government - Local,No,4
102142,SAMPLE HOSPITAL 2143,AR,Acute Care Hospitals,Voluntary non-profit - Other,Yes,3
102143,SAMPLE HOSPITAL 2144,MA,Acute Care Hospitals,Voluntary non-profit - Private,Yes,
102144,SAMPLE HOSPITAL 2145,MN,Acute Care Hospitals,Proprietary,No,3
102145,SAMPLE HOSPITAL 2146,HI,Acute Care Hospitals,Voluntary non-profit - Private,No,3
102146,SAMPLE HOSPITAL 2147,MT,Acute Care Hospitals,Proprietary,Yes,2
102147,SAMPLE HOSPITAL 2148,SD,Acute Care Hospitals,Proprietary,Yes,4
102148,SAMPLE HOSPITAL 2149,NC,Acute Care Hospitals,Proprietary,Yes,
102149,SAMPLE HOSPITAL 2150,DE,Acute Care Hospitals,Proprietary,Yes,2
102150,SAMPLE HOSPITAL 2151,IA,Acute Care Hospitals,Proprietary,Yes,2
102151,SAMPLE HOSPITAL 2152,NE,Critical Access Hospitals,Tribal,Yes,2
102152,SAMPLE HOSPITAL 2153,MI,Acute Care Hospitals,Government - Local,Yes,2
102153,SAMPLE HOSPITAL 2154,MA,Critical Access Hospitals,Voluntary non-profit - Private,Yes,1
102154,SAMPLE HOSPITAL 2155,ND,Acute Care Hospitals,Voluntary non-profit - Private,Yes,3
102155,SAMPLE HOSPITAL 2156,MD,Critical Access Hospitals,Government - Hospital District or Authority,Yes,4
102156,SAMPLE HOSPITAL 2157,IL,Acute Care Hospitals,Voluntary non-profit - Private,No,4
102157,SAMPLE HOSPITAL 2158,NH,Acute Care Hospitals,Voluntary non-profit - Other,Yes,3
102158,SAMPLE HOSPITAL 2159,KY,Acute Care Hospitals,Voluntary non-profit - Private,No,2
102159,SAMPLE HOSPITAL 2160,IN,Acute Care Hospitals,Voluntary non-profit - Church,No,2
102160,SAMPLE HOSPITAL 2161,VA,Acute Care Hospitals,Voluntary non-profit - Private,Yes,2
102161,SAMPLE HOSPITAL 2162,MI,Acute Care Hospitals,Voluntary non-profit - Private,Yes,2
102162,SAMPLE HOSPITAL 2163,MO,Acute Care Hospitals,Voluntary non-profit - Private,No,3
102163,SAMPLE HOSPITAL 2164,IN,Acute Care Hospitals,Voluntary non-profit - Private,Yes,2
102164,SAMPLE HOSPITAL 2165,OH,Acute Care Hospitals,Voluntary non-profit - Private,Yes,3
102165,SAMPLE HOSPITAL 2166,HI,Critical Access Hospitals,Voluntary non-profit - Private,Yes,3
102167,SAMPLE HOSPITAL 2168,PA,Acute Care Hospitals,Voluntary non-profit - Private,Yes,3
102168,SAMPLE HOSPITAL 2169,GA,Acute Care Hospitals,Proprietary,Yes,
102169,SAMPLE HOSPITAL 2170,DE,Acute Care Hospitals,Voluntary non-profit - Private,Yes,3
102170,SAMPLE HOSPITAL 2171,MA,Acute Care Hospitals,Government - Local,Yes,4
102171,SAMPLE HOSPITAL 2172,FL,Critical Access Hospitals,Voluntary non-profit - Private,No,
102172,SAMPLE HOSPITAL 2173,NV,Acute Care Hospitals,Voluntary non-profit - Church,Yes,
102173,SAMPLE HOSPITAL 2174,MA,Acute Care Hospitals,Government - Local,Yes,3
102174,SAMPLE HOSPITAL 2175,NV,Acute Care Hospitals,Voluntary non-profit - Private,Yes,3
102175,SAMPLE HOSPITAL 2176,WV,Critical Access Hospitals,Government - Hospital District or Authority,Yes,3
102176,SAMPLE HOSPITAL 2177,RI,Acute Care Hospitals,Physician,Yes,1
102177,SAMPLE HOSPITAL 2178,MI,Acute Care Hospitals,Proprietary,No,3
102178,SAMPLE HOSPITAL 2179,GA,Acute Care Hospitals,Voluntary non-profit - Private,No,1
102179,SAMPLE HOSPITAL 2180,WA,Acute Care Hospitals,Government - Hospital District or Authority,No,3
102180,SAMPLE HOSPITAL 2181,ND,Acute Care Hospitals,Voluntary non-profit - Private,Yes,4
102181,SAMPLE HOSPITAL 2182,ME,Acute Care Hospitals,Voluntary non-profit - Private,No,2
102182,SAMPLE HOSPITAL 2183,KS,Acute Care Hospitals,Voluntary non-profit - Church,No,
102183,SAMPLE HOSPITAL 2184,HI,Acute Care Hospitals,Voluntary non-profit - Private,No,
102184,SAMPLE HOSPITAL 2185,SD,Acute Care Hospitals,Proprietary,Yes,2
102185,SAMPLE HOSPITAL 2186,GA,Acute Care Hospitals,Government - Hospital District or Authority,Yes,5
102186,SAMPLE HOSPITAL 2187,MT,Acute Care Hospitals,Proprietary,Yes,4
102187,SAMPLE HOSPITAL 2188,VT,Acute Care Hospitals,Voluntary non-profit - Private,Yes,2
102188,SAMPLE HOSPITAL 2189,MA,Critical Access Hospitals,Voluntary non-profit - Private,Yes,4
102189,SAMPLE HOSPITAL 2190,FL,Acute Care Hospitals,Voluntary non-profit - Private,No,4
102190,SAMPLE HOSPITAL 2191,FL,Acute Care Hospitals,Government - Hospital District or Authority,Yes,
102191,SAMPLE HOSPITAL 2192,OH,Acute Care Hospitals,Voluntary non-profit - Private,Yes,3
102192,SAMPLE HOSPITAL 2193,IN,Acute Care Hospitals,Voluntary non-profit - Church,Yes,3
102193,SAMPLE HOSPITAL 2194,WY,Acute Care Hospitals,Voluntary non-profit - Other,Yes,4
102194,SAMPLE HOSPITAL 2195,ID,Acute Care Hospitals,Government - Local,Yes,2
102195,SAMPLE HOSPITAL 2196,LA,Acute Care Hospitals,Voluntary non-profit - Other,Yes,3
102196,SAMPLE HOSPITAL 2197,MI,Acute Care Hospitals,Government - State,Yes,
102197,SAMPLE HOSPITAL 2198,MS,Acute Care Hospitals,Voluntary non-profit - Private,Yes,3
102198,SAMPLE HOSPITAL 2199,MT,Critical Access Hospitals,Government - State,No,5
102199,SAMPLE HOSPITAL 2200,NV,Acute Care Hospitals,Government - Local,Yes,3
102200,SAMPLE HOSPITAL 2201,WV,Acute Care Hospitals,Proprietary,Yes,1
102201,SAMPLE HOSPITAL 2202,CT,Acute Care Hospitals,Government - Federal,Yes,2
102202,SAMPLE HOSPITAL 2203,LA,Acute Care Hospitals,Proprietary,No,3
102203,SAMPLE HOSPITAL 2204,CT,Acute Care Hospitals,Government - Hospital District or Authority,Yes,2
102204,SAMPLE HOSPITAL 2205,NE,Critical Access Hospitals,Proprietary,Yes,1
102205,SAMPLE HOSPITAL 2206,VT,Acute Care Hospitals,Government - Local,Yes,3
102206,SAMPLE HOSPITAL 2207,CT,Acute Care Hospitals,Government - State,No,3
102208,SAMPLE HOSPITAL 2209,ID,Acute Care Hospitals,Government - Local,Yes,2
102209,SAMPLE HOSPITAL 2210,MN,Acute Care Hospitals,Proprietary,Yes,3
102210,SAMPLE HOSPITAL 2211,AL,Acute Care Hospitals,Voluntary non-profit - Private,No,
102211,SAMPLE HOSPITAL 2212,VT,Critical Access Hospitals,Voluntary non-profit - Private,Yes,3
102212,SAMPLE HOSPITAL 2213,IN,Acute Care Hospitals,Voluntary non-profit - Other,Yes,3
102213,SAMPLE HOSPITAL 2214,OR,Acute Care Hospitals,Physician,Yes,5
102214,SAMPLE HOSPITAL 2215,NM,Acute Care Hospitals,Voluntary non-profit - Private,Yes,1
102215,SAMPLE HOSPITAL 2216,NV,Acute Care Hospitals,Voluntary non-profit - Private,Yes,3
102216,SAMPLE HOSPITAL 2217,PA,Acute Care Hospitals,Government - State,Yes,
102217,SAMPLE HOSPITAL 2218,AZ,Acute Care Hospitals,Physician,Yes,1
102218,SAMPLE HOSPITAL 2219,KS,Acute Care Hospitals,Government - Local,Yes,3
102219,SAMPLE HOSPITAL 2220,IN,Critical Access Hospitals,Voluntary non-profit - Private,No,5
102220,SAMPLE HOSPITAL 2221,AR,Acute Care Hospitals,Voluntary non-profit - Private,Yes,4
102221,SAMPLE HOSPITAL 2222,VA,Critical Access Hospitals,Voluntary non-profit - Private,Yes,1
102222,SAMPLE HOSPITAL 2223,ME,Acute Care Hospitals,Voluntary non-profit - Church,Yes,3
102223,SAMPLE HOSPITAL 2224,WY,Acute Care Hospitals,Physician,Yes,3
102224,SAMPLE HOSPITAL 2225,SD,Acute Care Hospitals,Voluntary non-profit - Private,Yes,4
102225,SAMPLE HOSPITAL 2226,TN,Acute Care Hospitals,Proprietary,No,4
102226,SAMPLE HOSPITAL 2227,CA,Acute Care Hospitals,Voluntary non-profit - Church,Yes,3
102227,SAMPLE HOSPITAL 2228,CA,Acute Care Hospitals,Government - State,Yes,3
102228,SAMPLE HOSPITAL 2229,NV,Acute Care Hospitals,Voluntary non-profit - Private,Yes,2
102229,SAMPLE HOSPITAL 2230,NV,Acute Care Hospitals,Voluntary non-profit - Private,Yes,3
102230,SAMPLE HOSPITAL 2231,MO,Critical Access Hospitals,Voluntary non-profit - Church,Yes,3
102231,SAMPLE HOSPITAL 2232,CO,Critical Access Hospitals,Voluntary non-profit - Private,No,2
102232,SAMPLE HOSPITAL 2233,WY,Acute Care Hospitals,Proprietary,Yes,3
102233,SAMPLE HOSPITAL 2234,WI,Acute Care Hospitals,Government - Hospital District or Authority,Yes,3
102234,SAMPLE HOSPITAL 2235,FL,Acute Care Hospitals,Voluntary non-profit - Church,Yes,3
102235,SAMPLE HOSPITAL 2236,ND,Acute Care Hospitals,Proprietary,Yes,
102236,SAMPLE HOSPITAL 2237,NH,Acute Care Hospitals,Government - Local,Yes,4
102237,SAMPLE HOSPITAL 2238,IL,Acute Care Hospitals,Voluntary non-profit - Private,Yes,3
102238,SAMPLE HOSPITAL 2239,NV,Acute Care Hospitals,Proprietary,Yes,2
102239,SAMPLE HOSPITAL 2240,AK,Acute Care Hospitals,Proprietary,Yes,4
102240,SAMPLE HOSPITAL 2241,TN,Acute Care Hospitals,Proprietary,Yes,2
102241,SAMPLE HOSPITAL 2242,AK,Critical Access Hospitals,Proprietary,Yes,2
102242,SAMPLE HOSPITAL 2243,NJ,Acute Care Hospitals,Government - Federal,Yes,2
102243,SAMPLE HOSPITAL 2244,WA,Acute Care Hospitals,Voluntary non-profit - Church,Yes,2
102244,SAMPLE HOSPITAL 2245,PA,Acute Care Hospitals,Physician,Yes,4
102245,SAMPLE HOSPITAL 2246,VT,Acute Care Hospitals,Proprietary,No,3
102246,SAMPLE HOSPITAL 2247,MI,Acute Care Hospitals,Voluntary non-profit - Other,Yes,4
102247,SAMPLE HOSPITAL 2248,NE,Acute Care Hospitals,Voluntary non-profit - Private,Yes,3
102248,SAMPLE HOSPITAL 2249,IL,Acute Care Hospitals,Voluntary non-profit - Church,Yes,3
102249,SAMPLE HOSPITAL 2250,MA,Acute Care Hospitals,Voluntary non-profit - Private,Yes,4
102250,SAMPLE HOSPITAL 2251,MD,Acute Care Hospitals,Government - Local,Yes,4
102251,SAMPLE HOSPITAL 2252,MA,Acute Care Hospitals,Government - Local,No,4
102252,SAMPLE HOSPITAL 2253,AL,Acute Care Hospitals,Proprietary,Yes,3
102253,SAMPLE HOSPITAL 2254,MN,Acute Care Hospitals,Voluntary non-profit - Other,Yes,4
102254,SAMPLE HOSPITAL 2255,LA,Acute Care Hospitals,Voluntary non-profit - Private,Yes,1
102255,SAMPLE HOSPITAL 2256,HI,Acute Care Hospitals,Proprietary,Yes,2
102256,SAMPLE HOSPITAL 2257,MT,Acute Care Hospitals,Physician,Yes,4
102257,SAMPLE HOSPITAL 2258,IA,Acute Care Hospitals,Voluntary non-profit - Private,No,3
102258,SAMPLE HOSPITAL 2259,CT,Acute Care Hospitals,Proprietary,Yes,3
102259,SAMPLE HOSPITAL 2260,AR,Acute Care Hospitals,Government - Local,No,3
102260,SAMPLE HOSPITAL 2261,VA,Acute Care Hospitals,Proprietary,Yes,4
102261,SAMPLE HOSPITAL 2262,IA,Acute Care Hospitals,Proprietary,No,3
102262,SAMPLE HOSPITAL 2263,OH,Acute Care Hospitals,Proprietary,Yes,4
102263,SAMPLE HOSPITAL 2264,IL,Acute Care Hospitals,Physician,No,4
102264,SAMPLE HOSPITAL 2265,MI,Acute Care Hospitals,Voluntary non-profit - Private,Yes,3
102265,SAMPLE HOSPITAL 2266,NM,Acute Care Hospitals,Voluntary non-profit - Private,Yes,
102266,SAMPLE HOSPITAL 2267,MT,Acute Care Hospitals,Voluntary non-profit - Private,Yes,4
102267,SAMPLE HOSPITAL 2268,UT,Acute Care Hospitals,Proprietary,No,3
102268,SAMPLE HOSPITAL 2269,IA,Acute Care Hospitals,Voluntary non-profit - Church,Yes,
102269,SAMPLE HOSPITAL 2270,WY,Acute Care Hospitals,Proprietary,Yes,3
102270,SAMPLE HOSPITAL 2271,GA,Acute Care Hospitals,Physician,Yes,2
102271,SAMPLE HOSPITAL 2272,CT,Acute Care Hospitals,Tribal,Yes,2
102272,SAMPLE HOSPITAL 2273,ND,Acute Care Hospitals,Voluntary non-profit - Private,No,
102273,SAMPLE HOSPITAL 2274,MT,Acute Care Hospitals,Tribal,Yes,1
102274,SAMPLE HOSPITAL 2275,MN,Acute Care Hospitals,Government - Federal,No,4
102275,SAMPLE HOSPITAL 2276,SC,Acute Care Hospitals,Voluntary non-profit - Private,Yes,3
102276,SAMPLE HOSPITAL 2277,DE,Acute Care Hospitals,Proprietary,Yes,2
102277,SAMPLE HOSPITAL 2278,DE,Acute Care Hospitals,Government - Federal,Yes,3
102278,SAMPLE HOSPITAL 2279,VT,Critical Access Hospitals,Voluntary non-profit - Private,Yes,1
102279,SAMPLE HOSPITAL 2280,MD,Acute Care Hospitals,Tribal,Yes,4
102280,SAMPLE HOSPITAL 2281,ME,Acute Care Hospitals,Government - Local,Yes,5
102281,SAMPLE HOSPITAL 2282,VT,Acute Care Hospitals,Government - Federal,Yes,4
102282,SAMPLE HOSPITAL 2283,WY,Acute Care Hospitals,Proprietary,Yes,
102283,SAMPLE HOSPITAL 2284,CA,Acute Care Hospitals,Proprietary,Yes,
102284,SAMPLE HOSPITAL 2285,ND,Acute Care Hospitals,Government - Local,Yes,4
102285,SAMPLE HOSPITAL 2286,WA,Acute Care Hospitals,Government - Local,No,3
102286,SAMPLE HOSPITAL 2287,AK,Acute Care Hospitals,Voluntary non-profit - Private,Yes,5
102287,SAMPLE HOSPITAL 2288,RI,Critical Access Hospitals,Government - State,Yes,
102288,SAMPLE HOSPITAL 2289,OR,Critical Access Hospitals,Voluntary non-profit - Private,Yes,5
102289,SAMPLE HOSPITAL 2290,MI,Critical Access Hospitals,Proprietary,Yes,3
102290,SAMPLE HOSPITAL 2291,IN,Acute Care Hospitals,Voluntary non-profit - Private,No,3
102291,SAMPLE HOSPITAL 2292,NC,Acute Care Hospitals,Voluntary non-profit - Private,Yes,3
102292,SAMPLE HOSPITAL 2293,MN,Acute Care Hospitals,Voluntary non-profit - Private,Yes,4
102294,SAMPLE HOSPITAL 2295,NM,Acute Care Hospitals,Voluntary non-profit - Private,No,5
102295,SAMPLE HOSPITAL 2296,MO,Acute Care Hospitals,Voluntary non-profit - Church,Yes,3
102296,SAMPLE HOSPITAL 2297,WA,Acute Care Hospitals,Proprietary,Yes,4
102297,SAMPLE HOSPITAL 2298,KS,Acute Care Hospitals,Voluntary non-profit - Private,No,3
102298,SAMPLE HOSPITAL 2299,MT,Acute Care Hospitals,Voluntary non-profit - Private,No,4
102299,SAMPLE HOSPITAL 2300,NV,Acute Care Hospitals,Government - Hospital District or Authority,Yes,4
102300,SAMPLE HOSPITAL 2301,IN,Acute Care Hospitals,Voluntary non-profit - Private,Yes,2
102301,SAMPLE HOSPITAL 2302,WV,Acute Care Hospitals,Physician,Yes,3
102302,SAMPLE HOSPITAL 2303,OH,Acute Care Hospitals,Voluntary non-profit - Private,Yes,3
102303,SAMPLE HOSPITAL 2304,NM,Critical Access Hospitals,Voluntary non-profit - Church,Yes,2
102304,SAMPLE HOSPITAL 2305,MA,Acute Care Hospitals,Voluntary non-profit - Private,Yes,2
102305,SAMPLE HOSPITAL 2306,AR,Acute Care Hospitals,Government - Local,Yes,4
102306,SAMPLE HOSPITAL 2307,MN,Critical Access Hospitals,Proprietary,No,4
102307,SAMPLE HOSPITAL 2308,DE,Acute Care Hospitals,Government - Hospital District or Authority,No,4
102308,SAMPLE HOSPITAL 2309,WY,Acute Care Hospitals,Voluntary non-profit - Private,Yes,3
102309,SAMPLE HOSPITAL 2310,GA,Acute Care Hospitals,Voluntary non-profit - Private,No,2
102310,SAMPLE HOSPITAL 2311,SC,Acute Care Hospitals,Tribal,Yes,
102311,SAMPLE HOSPITAL 2312,NJ,Acute Care Hospitals,Voluntary non-profit - Church,Yes,
102312,SAMPLE HOSPITAL 2313,CO,Acute Care Hospitals,Voluntary non-profit - Other,Yes,4
102314,SAMPLE HOSPITAL 2315,NC,Acute Care Hospitals,Government - Hospital District or Authority,No,3
102315,SAMPLE HOSPITAL 2316,KS,Acute Care Hospitals,Voluntary non-profit - Private,Yes,5
102316,SAMPLE HOSPITAL 2317,CO,Acute Care Hospitals,Voluntary non-profit - Other,Yes,3
102317,SAMPLE HOSPITAL 2318,KY,Acute Care Hospitals,Voluntary non-profit - Private,Yes,5
102318,SAMPLE HOSPITAL 2319,VT,Acute Care Hospitals,Voluntary non-profit - Private,Yes,5
102319,SAMPLE HOSPITAL 2320,PA,Acute Care Hospitals,Physician,Yes,3
102320,SAMPLE HOSPITAL 2321,WA,Acute Care Hospitals,Proprietary,Yes,1
102321,SAMPLE HOSPITAL 2322,AL,Acute Care Hospitals,Voluntary non-profit - Private,No,3
102322,SAMPLE HOSPITAL 2323,ND,Acute Care Hospitals,Voluntary non-profit - Private,Yes,4
102323,SAMPLE HOSPITAL 2324,OH,Acute Care Hospitals,Government - State,Yes,4
102324,SAMPLE HOSPITAL 2325,SD,Acute Care Hospitals,Voluntary non-profit - Private,Yes,3
102325,SAMPLE HOSPITAL 2326,UT,Acute Care Hospitals,Voluntary non-profit - Church,Yes,3
102326,SAMPLE HOSPITAL 2327,WY,Critical Access Hospitals,Tribal,Yes,
102327,SAMPLE HOSPITAL 2328,MN,Acute Care Hospitals,Voluntary non-profit - Church,Yes,
102328,SAMPLE HOSPITAL 2329,RI,Acute Care Hospitals,Voluntary non-profit - Other,Yes,2
102329,SAMPLE HOSPITAL 2330,TN,Critical Access Hospitals,Voluntary non-profit - Church,No,1
102330,SAMPLE HOSPITAL 2331,MT,Acute Care Hospitals,Voluntary non-profit - Private,No,2
102331,SAMPLE HOSPITAL 2332,WY,Acute Care Hospitals,Proprietary,Yes,4
102332,SAMPLE HOSPITAL 2333,OR,Acute Care Hospitals,Proprietary,Yes,3
102333,SAMPLE HOSPITAL 2334,NJ,Acute Care Hospitals,Proprietary,No,2
102334,SAMPLE HOSPITAL 2335,NJ,Acute Care Hospitals,Physician,Yes,2
102335,SAMPLE HOSPITAL 2336,MA,Acute Care Hospitals,Voluntary non-profit - Private,Yes,4
102336,SAMPLE HOSPITAL 2337,OR,Acute Care Hospitals,Voluntary non-profit - Church,Yes,1
102337,SAMPLE HOSPITAL 2338,MD,Acute Care Hospitals,Proprietary,Yes,5
102338,SAMPLE HOSPITAL 2339,ND,Acute Care Hospitals,Voluntary non-profit - Private,Yes,3
102339,SAMPLE HOSPITAL 2340,CA,Acute Care Hospitals,Voluntary non-profit - Private,Yes,3
102340,SAMPLE HOSPITAL 2341,GA,Acute Care Hospitals,Physician,Yes,3
102341,SAMPLE HOSPITAL 2342,AK,Acute Care Hospitals,Voluntary non-profit - Private,No,4
102342,SAMPLE HOSPITAL 2343,MS,Acute Care Hospitals,Voluntary non-profit - Church,Yes,
102343,SAMPLE HOSPITAL 2344,TN,Acute Care Hospitals,Voluntary non-profit - Private,No,1
102344,SAMPLE HOSPITAL 2345,OH,Acute Care Hospitals,Voluntary non-profit - Private,Yes,5
102345,SAMPLE HOSPITAL 2346,LA,Acute Care Hospitals,Government - Hospital District or Authority,Yes,2
102346,SAMPLE HOSPITAL 2347,NC,Acute Care Hospitals,Proprietary,No,3
102347,SAMPLE HOSPITAL 2348,SD,Acute Care Hospitals,Government - Local,No,2
102348,SAMPLE HOSPITAL 2349,NM,Acute Care Hospitals,Government - Local,No,3
102349,SAMPLE HOSPITAL 2350,WY,Critical Access Hospitals,Proprietary,Yes,4
102350,SAMPLE HOSPITAL 2351,MN,Acute Care Hospitals,Proprietary,Yes,1
102351,SAMPLE HOSPITAL 2352,MT,Acute Care Hospitals,Proprietary,No,5
102352,SAMPLE HOSPITAL 2353,NH,Acute Care Hospitals,Government - Hospital District or Authority,Yes,1
102353,SAMPLE HOSPITAL 2354,TX,Acute Care Hospitals,Proprietary,Yes,
102354,SAMPLE HOSPITAL 2355,DE,Critical Access Hospitals,Voluntary non-profit - Private,Yes,2
102355,SAMPLE HOSPITAL 2356,MI,Acute Care Hospitals,Proprietary,Yes,3
102356,SAMPLE HOSPITAL 2357,WI,Acute Care Hospitals,Proprietary,Yes,3
102357,SAMPLE HOSPITAL 2358,LA,Acute Care Hospitals,Voluntary non-profit - Private,Yes,3
102358,SAMPLE HOSPITAL 2359,ND,Acute Care Hospitals,Government - Hospital District or Authority,Yes,3
102359,SAMPLE HOSPITAL 2360,RI,Acute Care Hospitals,Government - State,Yes,
102360,SAMPLE HOSPITAL 2361,MN,Acute Care Hospitals,Voluntary non-profit - Church,Yes,4
102361,SAMPLE HOSPITAL 2362,NE,Critical Access Hospitals,Voluntary non-profit - Private,No,4
102362,SAMPLE HOSPITAL 2363,WA,Acute Care Hospitals,Voluntary non-profit - Other,Yes,3
102363,SAMPLE HOSPITAL 2364,ND,Acute Care Hospitals,Voluntary non-profit - Private,Yes,
102364,SAMPLE HOSPITAL 2365,CO,Acute Care Hospitals,Voluntary non-profit - Church,Yes,3
102365,SAMPLE HOSPITAL 2366,MD,Critical Access Hospitals,Voluntary non-profit - Private,No,1
102366,SAMPLE HOSPITAL 2367,NH,Acute Care Hospitals,Proprietary,Yes,2
102367,SAMPLE HOSPITAL 2368,MD,Acute Care Hospitals,Proprietary,Yes,2
102368,SAMPLE HOSPITAL 2369,MT,Acute Care Hospitals,Voluntary non-profit - Private,Yes,3
102369,SAMPLE HOSPITAL 2370,NH,Acute Care Hospitals,Government - Hospital District or Authority,Yes,3
102370,SAMPLE HOSPITAL 2371,IL,Critical Access Hospitals,Voluntary non-profit - Private,Yes,4
102371,SAMPLE HOSPITAL 2372,UT,Acute Care Hospitals,Proprietary,Yes,3
102372,SAMPLE HOSPITAL 2373,UT,Critical Access Hospitals,Voluntary non-profit - Private,Yes,4
102373,SAMPLE HOSPITAL 2374,WV,Acute Care Hospitals,Voluntary non-profit - Private,Yes,2
102374,SAMPLE HOSPITAL 2375,MA,Acute Care Hospitals,Voluntary non-profit - Church,No,2
102375,SAMPLE HOSPITAL 2376,TN,Critical Access Hospitals,Voluntary non-profit - Private,Yes,3
102376,SAMPLE HOSPITAL 2377,MA,Acute Care Hospitals,Proprietary,Yes,3
102377,SAMPLE HOSPITAL 2378,IN,Acute Care Hospitals,Voluntary non-profit - Church,No,3
102378,SAMPLE HOSPITAL 2379,AR,Acute Care Hospitals,Proprietary,Yes,3
102379,SAMPLE HOSPITAL 2380,SD,Acute Care Hospitals,Voluntary non-profit - Private,Yes,3
102380,SAMPLE HOSPITAL 2381,OK,Acute Care Hospitals,Proprietary,Yes,4
102381,SAMPLE HOSPITAL 2382,GA,Acute Care Hospitals,Proprietary,Yes,3
102382,SAMPLE HOSPITAL 2383,WI,Acute Care Hospitals,Proprietary,Yes,3
102384,SAMPLE HOSPITAL 2385,ID,Acute Care Hospitals,Voluntary non-profit - Private,Yes,3
102385,SAMPLE HOSPITAL 2386,AK,Acute Care Hospitals,Proprietary,Yes,2
102386,SAMPLE HOSPITAL 2387,WI,Acute Care Hospitals,Proprietary,Yes,2
102387,SAMPLE HOSPITAL 2388,SC,Acute Care Hospitals,Voluntary non-profit - Private,No,3
102388,SAMPLE HOSPITAL 2389,WA,Acute Care Hospitals,Voluntary non-profit - Other,Yes,3
102389,SAMPLE HOSPITAL 2390,WV,Acute Care Hospitals,Voluntary non-profit - Private,No,4
102390,SAMPLE HOSPITAL 2391,WV,Acute Care Hospitals,Voluntary non-profit - Other,Yes,4
102391,SAMPLE HOSPITAL 2392,MD,Acute Care Hospitals,Voluntary non-profit - Private,Yes,2
102392,SAMPLE HOSPITAL 2393,CA,Acute Care Hospitals,Voluntary non-profit - Private,No,4
102393,SAMPLE HOSPITAL 2394,OH,Acute Care Hospitals,Proprietary,No,5
102394,SAMPLE HOSPITAL 2395,AK,Acute Care Hospitals,Voluntary non-profit - Church,Yes,
102395,SAMPLE HOSPITAL 2396,MT,Critical Access Hospitals,Tribal,Yes,4
102396,SAMPLE HOSPITAL 2397,TX,Acute Care Hospitals,Government - State,Yes,4
102397,SAMPLE HOSPITAL 2398,MO,Acute Care Hospitals,Proprietary,Yes,4
102398,SAMPLE HOSPITAL 2399,CO,Acute Care Hospitals,Government - Local,Yes,3
102399,SAMPLE HOSPITAL 2400,UT,Acute Care Hospitals,Proprietary,Yes,3
102400,SAMPLE HOSPITAL 2401,MA,Critical Access Hospitals,Government - Hospital District or Authority,No,2
102401,SAMPLE HOSPITAL 2402,MN,Acute Care Hospitals,Voluntary non-profit - Private,Yes,3
102402,SAMPLE HOSPITAL 2403,NE,Critical Access Hospitals,Voluntary non-profit - Church,Yes,3
102403,SAMPLE HOSPITAL 2404,WV,Acute Care Hospitals,Proprietary,Yes,3
102404,SAMPLE HOSPITAL 2405,ND,Acute Care Hospitals,Government - Federal,Yes,
102405,SAMPLE HOSPITAL 2406,DE,Acute Care Hospitals,Tribal,Yes,3
102406,SAMPLE HOSPITAL 2407,NE,Acute Care Hospitals,Voluntary non-profit - Private,Yes,4
102407,SAMPLE HOSPITAL 2408,KS,Acute Care Hospitals,Voluntary non-profit - Private,No,4
102408,SAMPLE HOSPITAL 2409,KS,Acute Care Hospitals,Proprietary,Yes,5
102409,SAMPLE HOSPITAL 2410,MA,Acute Care Hospitals,Government - Hospital District or Authority,Yes,
102410,SAMPLE HOSPITAL 2411,OK,Critical Access Hospitals,Government - Hospital District or Authority,Yes,1
102411,SAMPLE HOSPITAL 2412,VA,Acute Care Hospitals,Voluntary non-profit - Private,Yes,3
102412,SAMPLE HOSPITAL 2413,MA,Critical Access Hospitals,Government - Hospital District or Authority,No,3
102413,SAMPLE HOSPITAL 2414,ND,Acute Care Hospitals,Proprietary,Yes,4
102414,SAMPLE HOSPITAL 2415,OK,Acute Care Hospitals,Government - Federal,Yes,3
102415,SAMPLE HOSPITAL 2416,NE,Acute Care Hospitals,Proprietary,Yes,4
102416,SAMPLE HOSPITAL 2417,AL,Critical Access Hospitals,Voluntary non-profit - Private,Yes,4
102417,SAMPLE HOSPITAL 2418,AR,Acute Care Hospitals,Proprietary,Yes,4
102418,SAMPLE HOSPITAL 2419,ME,Acute Care Hospitals,Voluntary non-profit - Private,Yes,3
102419,SAMPLE HOSPITAL 2420,AL,Acute Care Hospitals,Voluntary non-profit - Private,Yes,4
102420,SAMPLE HOSPITAL 2421,NE,Acute Care Hospitals,Voluntary non-profit - Private,Yes,4
102421,SAMPLE HOSPITAL 2422,NJ,Acute Care Hospitals,Government - State,Yes,3
102422,SAMPLE HOSPITAL 2423,MO,Acute Care Hospitals,Government - Hospital District or Authority,Yes,4
102423,SAMPLE HOSPITAL 2424,AZ,Acute Care Hospitals,Government - Hospital District or Authority,Yes,2
102424,SAMPLE HOSPITAL 2425,IA,Critical Access Hospitals,Government - Hospital District or Authority,Yes,
102425,SAMPLE HOSPITAL 2426,RI,Acute Care Hospitals,Proprietary,Yes,1
102426,SAMPLE HOSPITAL 2427,ME,Acute Care Hospitals,Voluntary non-profit - Private,Yes,2
102427,SAMPLE HOSPITAL 2428,NM,Acute Care Hospitals,Voluntary non-profit - Private,No,2
102428,SAMPLE HOSPITAL 2429,WY,Acute Care Hospitals,Voluntary non-profit - Private,Yes,3
102429,SAMPLE HOSPITAL 2430,NH,Critical Access Hospitals,Government - Local,Yes,3
102430,SAMPLE HOSPITAL 2431,RI,Acute Care Hospitals,Government - Hospital District or Authority,No,
102431,SAMPLE HOSPITAL 2432,ME,Acute Care Hospitals,Proprietary,Yes,4
102432,SAMPLE HOSPITAL 2433,AZ,Acute Care Hospitals,Government - Federal,Yes,4
102433,SAMPLE HOSPITAL 2434,WV,Acute Care Hospitals,Voluntary non-profit - Church,No,2
102434,SAMPLE HOSPITAL 2435,VT,Acute Care Hospitals,Voluntary non-profit - Private,No,2
102435,SAMPLE HOSPITAL 2436,CO,Acute Care Hospitals,Voluntary non-profit - Private,No,4
102436,SAMPLE HOSPITAL 2437,MN,Acute Care Hospitals,Voluntary non-profit - Other,Yes,2
102437,SAMPLE HOSPITAL 2438,KY,Acute Care Hospitals,Voluntary non-profit - Other,Yes,5
102438,SAMPLE HOSPITAL 2439,AK,Acute Care Hospitals,Voluntary non-profit - Other,Yes,
102440,SAMPLE HOSPITAL 2441,NM,Acute Care Hospitals,Voluntary non-profit - Private,Yes,4
102441,SAMPLE HOSPITAL 2442,OH,Critical Access Hospitals,Voluntary non-profit - Private,Yes,3
102442,SAMPLE HOSPITAL 2443,SD,Critical Access Hospitals,Proprietary,Yes,3
102443,SAMPLE HOSPITAL 2444,MA,Critical Access Hospitals,Voluntary non-profit - Private,No,1
102444,SAMPLE HOSPITAL 2445,RI,Acute Care Hospitals,Government - State,No,2
102445,SAMPLE HOSPITAL 2446,NJ,Acute Care Hospitals,Voluntary non-profit - Private,Yes,2
102446,SAMPLE HOSPITAL 2447,WV,Acute Care Hospitals,Government - Hospital District or Authority,Yes,2
102447,SAMPLE HOSPITAL 2448,IA,Acute Care Hospitals,Government - Hospital District or Authority,Yes,3
102448,SAMPLE HOSPITAL 2449,NH,Acute Care Hospitals,Voluntary non-profit - Private,No,3
102449,SAMPLE HOSPITAL 2450,NH,Critical Access Hospitals,Voluntary non-profit - Church,No,4
102450,SAMPLE HOSPITAL 2451,KY,Critical Access Hospitals,Proprietary,Yes,2
102451,SAMPLE HOSPITAL 2452,PA,Critical Access Hospitals,Physician,Yes,1
102452,SAMPLE HOSPITAL 2453,NM,Acute Care Hospitals,Voluntary non-profit - Private,Yes,4
102453,SAMPLE HOSPITAL 2454,RI,Acute Care Hospitals,Government - Hospital District or Authority,Yes,4
102454,SAMPLE HOSPITAL 2455,SC,Acute Care Hospitals,Voluntary non-profit - Private,Yes,3
102455,SAMPLE HOSPITAL 2456,KS,Acute Care Hospitals,Proprietary,Yes,2
102456,SAMPLE HOSPITAL 2457,KS,Acute Care Hospitals,Government - State,Yes,3
102457,SAMPLE HOSPITAL 2458,AZ,Acute Care Hospitals,Government - Hospital District or Authority,Yes,4
102458,SAMPLE HOSPITAL 2459,NE,Acute Care Hospitals,Proprietary,Yes,1
102459,SAMPLE HOSPITAL 2460,NC,Acute Care Hospitals,Voluntary non-profit - Private,No,3
102460,SAMPLE HOSPITAL 2461,NV,Critical Access Hospitals,Proprietary,Yes,2
102461,SAMPLE HOSPITAL 2462,VA,Acute Care Hospitals,Voluntary non-profit - Private,Yes,2
102462,SAMPLE HOSPITAL 2463,LA,Acute Care Hospitals,Government - Local,Yes,5
102463,SAMPLE HOSPITAL 2464,SC,Acute Care Hospitals,Voluntary non-profit - Private,No,3
102464,SAMPLE HOSPITAL 2465,MO,Acute Care Hospitals,Voluntary non-profit - Church,Yes,2
102465,SAMPLE HOSPITAL 2466,KY,Critical Access Hospitals,Government - Hospital District or Authority,Yes,3
102466,SAMPLE HOSPITAL 2467,WA,Acute Care Hospitals,Government - Local,No,1
102467,SAMPLE HOSPITAL 2468,MD,Acute Care Hospitals,Voluntary non-profit - Private,Yes,4
102468,SAMPLE HOSPITAL 2469,AL,Acute Care Hospitals,Voluntary non-profit - Private,Yes,3
102469,SAMPLE HOSPITAL 2470,SD,Acute Care Hospitals,Voluntary non-profit - Private,Yes,2
102470,SAMPLE HOSPITAL 2471,VA,Acute Care Hospitals,Government - Local,Yes,5
102471,SAMPLE HOSPITAL 2472,MO,Acute Care Hospitals,Voluntary non-profit - Private,Yes,3
102472,SAMPLE HOSPITAL 2473,OK,Acute Care Hospitals,Voluntary non-profit - Private,Yes,4
102473,SAMPLE HOSPITAL 2474,MD,Critical Access Hospitals,Government - Local,Yes,3
102474,SAMPLE HOSPITAL 2475,ID,Acute Care Hospitals,Voluntary non-profit - Private,Yes,3
102475,SAMPLE HOSPITAL 2476,TN,Acute Care Hospitals,Voluntary non-profit - Church,Yes,4
102476,SAMPLE HOSPITAL 2477,TX,Acute Care Hospitals,Voluntary non-profit - Private,No,3
102477,SAMPLE HOSPITAL 2478,WV,Acute Care Hospitals,Government - Hospital District or Authority,Yes,3
102478,SAMPLE HOSPITAL 2479,RI,Acute Care Hospitals,Voluntary non-profit - Private,Yes,2
102479,SAMPLE HOSPITAL 2480,AK,Acute Care Hospitals,Voluntary non-profit - Private,Yes,3
102480,SAMPLE HOSPITAL 2481,WI,Acute Care Hospitals,Proprietary,No,3
102481,SAMPLE HOSPITAL 2482,NC,Acute Care Hospitals,Government - Local,No,4
102482,SAMPLE HOSPITAL 2483,GA,Acute Care Hospitals,Voluntary non-profit - Private,Yes,2
102483,SAMPLE HOSPITAL 2484,NY,Acute Care Hospitals,Voluntary non-profit - Private,No,2
102484,SAMPLE HOSPITAL 2485,LA,Acute Care Hospitals,Voluntary non-profit - Private,Yes,2
102485,SAMPLE HOSPITAL 2486,ID,Acute Care Hospitals,Voluntary non-profit - Private,Yes,4
102486,SAMPLE HOSPITAL 2487,SD,Critical Access Hospitals,Voluntary non-profit - Other,Yes,5
102487,SAMPLE HOSPITAL 2488,AZ,Acute Care Hospitals,Voluntary non-profit - Private,No,3
102488,SAMPLE HOSPITAL 2489,MI,Acute Care Hospitals,Government - Local,Yes,1
102489,SAMPLE HOSPITAL 2490,NV,Acute Care Hospitals,Physician,No,
102490,SAMPLE HOSPITAL 2491,TN,Acute Care Hospitals,Voluntary non-profit - Other,Yes,3
102491,SAMPLE HOSPITAL 2492,NM,Acute Care Hospitals,Voluntary non-profit - Private,Yes,
102492,SAMPLE HOSPITAL 2493,IN,Acute Care Hospitals,Proprietary,Yes,3
102493,SAMPLE HOSPITAL 2494,MD,Acute Care Hospitals,Voluntary non-profit - Private,Yes,2
102494,SAMPLE HOSPITAL 2495,NH,Critical Access Hospitals,Voluntary non-profit - Private,Yes,2
102495,SAMPLE HOSPITAL 2496,FL,Acute Care Hospitals,Voluntary non-profit - Other,No,5
102496,SAMPLE HOSPITAL 2497,MI,Acute Care Hospitals,Government - Local,Yes,4
102497,SAMPLE HOSPITAL 2498,VA,Acute Care Hospitals,Voluntary non-profit - Private,Yes,2
102498,SAMPLE HOSPITAL 2499,NV,Acute Care Hospitals,Proprietary,No,2
102499,SAMPLE HOSPITAL 2500,LA,Acute Care Hospitals,Proprietary,Yes,2
102500,SAMPLE HOSPITAL 2501,NM,Acute Care Hospitals,Proprietary,No,3
102501,SAMPLE HOSPITAL 2502,LA,Acute Care Hospitals,Tribal,Yes,2
102502,SAMPLE HOSPITAL 2503,NV,Acute Care Hospitals,Voluntary non-profit - Private,No,2
102503,SAMPLE HOSPITAL 2504,MN,Acute Care Hospitals,Voluntary non-profit - Other,Yes,3
102504,SAMPLE HOSPITAL 2505,AR,Acute Care Hospitals,Government - Hospital District or Authority,Yes,
102505,SAMPLE HOSPITAL 2506,CO,Acute Care Hospitals,Proprietary,Yes,3
102506,SAMPLE HOSPITAL 2507,MD,Acute Care Hospitals,Government - Hospital District or Authority,No,
102507,SAMPLE HOSPITAL 2508,TN,Acute Care Hospitals,Government - Hospital District or Authority,Yes,3
102508,SAMPLE HOSPITAL 2509,MD,Acute Care Hospitals,Voluntary non-profit - Other,No,3
102509,SAMPLE HOSPITAL 2510,CT,Acute Care Hospitals,Government - State,No,4
102510,SAMPLE HOSPITAL 2511,LA,Acute Care Hospitals,Government - State,Yes,5
102511,SAMPLE HOSPITAL 2512,SC,Acute Care Hospitals,Voluntary non-profit - Church,Yes,3
102512,SAMPLE HOSPITAL 2513,NC,Acute Care Hospitals,Proprietary,Yes,3
102513,SAMPLE HOSPITAL 2514,UT,Acute Care Hospitals,Voluntary non-profit - Other,Yes,2
102515,SAMPLE HOSPITAL 2516,CO,Acute Care Hospitals,Voluntary non-profit - Church,Yes,3
102516,SAMPLE HOSPITAL 2517,CA,Acute Care Hospitals,Voluntary non-profit - Other,Yes,3
102517,SAMPLE HOSPITAL 2518,SC,Acute Care Hospitals,Proprietary,Yes,2
102518,SAMPLE HOSPITAL 2519,NH,Acute Care Hospitals,Voluntary non-profit - Private,Yes,
102519,SAMPLE HOSPITAL 2520,TN,Acute Care Hospitals,Voluntary non-profit - Private,Yes,4
102520,SAMPLE HOSPITAL 2521,WA,Acute Care Hospitals,Government - Local,Yes,5
102521,SAMPLE HOSPITAL 2522,IN,Acute Care Hospitals,Voluntary non-profit - Private,Yes,
102522,SAMPLE HOSPITAL 2523,NJ,Acute Care Hospitals,Proprietary,Yes,5
102523,SAMPLE HOSPITAL 2524,ID,Critical Access Hospitals,Proprietary,Yes,4
102524,SAMPLE HOSPITAL 2525,CT,Acute Care Hospitals,Voluntary non-profit - Private,Yes,2
102525,SAMPLE HOSPITAL 2526,MN,Acute Care Hospitals,Government - Hospital District or Authority,Yes,3
102526,SAMPLE HOSPITAL 2527,NY,Critical Access Hospitals,Proprietary,Yes,3
102527,SAMPLE HOSPITAL 2528,WY,Acute Care Hospitals,Voluntary non-profit - Church,Yes,2
102528,SAMPLE HOSPITAL 2529,AK,Critical Access Hospitals,Proprietary,No,2
102529,SAMPLE HOSPITAL 2530,WA,Acute Care Hospitals,Proprietary,Yes,3
102530,SAMPLE HOSPITAL 2531,ND,Acute Care Hospitals,Voluntary non-profit - Other,Yes,4
102531,SAMPLE HOSPITAL 2532,CA,Acute Care Hospitals,Voluntary non-profit - Private,No,4
102532,SAMPLE HOSPITAL 2533,NJ,Acute Care Hospitals,Proprietary,No,2
102533,SAMPLE HOSPITAL 2534,VA,Acute Care Hospitals,Government - Hospital District or Authority,No,2
102534,SAMPLE HOSPITAL 2535,NH,Acute Care Hospitals,Voluntary non-profit - Private,Yes,3
102535,SAMPLE HOSPITAL 2536,NJ,Acute Care Hospitals,Voluntary non-profit - Private,Yes,2
102536,SAMPLE HOSPITAL 2537,WI,Acute Care Hospitals,Voluntary non-profit - Other,Yes,1
102537,SAMPLE HOSPITAL 2538,MA,Acute Care Hospitals,Proprietary,Yes,1
102538,SAMPLE HOSPITAL 2539,IL,Acute Care Hospitals,Voluntary non-profit - Private,Yes,5
102539,SAMPLE HOSPITAL 2540,MO,Critical Access Hospitals,Proprietary,Yes,3
102540,SAMPLE HOSPITAL 2541,GA,Acute Care Hospitals,Voluntary non-profit - Private,Yes,4
102541,SAMPLE HOSPITAL 2542,CA,Critical Access Hospitals,Proprietary,Yes,3
102542,SAMPLE HOSPITAL 2543,MI,Acute Care Hospitals,Government - State,Yes,5
102543,SAMPLE HOSPITAL 2544,ID,Acute Care Hospitals,Government - Hospital District or Authority,Yes,3
102544,SAMPLE HOSPITAL 2545,CO,Critical Access Hospitals,Proprietary,Yes,3
102545,SAMPLE HOSPITAL 2546,VT,Acute Care Hospitals,Voluntary non-profit - Church,Yes,4
102546,SAMPLE HOSPITAL 2547,KY,Acute Care Hospitals,Voluntary non-profit - Private,Yes,3
102547,SAMPLE HOSPITAL 2548,OH,Acute Care Hospitals,Voluntary non-profit - Private,No,3
102548,SAMPLE HOSPITAL 2549,AZ,Acute Care Hospitals,Voluntary non-profit - Private,No,3
102549,SAMPLE HOSPITAL 2550,TN,Acute Care Hospitals,Voluntary non-profit - Private,No,3
102550,SAMPLE HOSPITAL 2551,OK,Acute Care Hospitals,Government - Local,Yes,2
102551,SAMPLE HOSPITAL 2552,MT,Acute Care Hospitals,Proprietary,Yes,4
102552,SAMPLE HOSPITAL 2553,RI,Acute Care Hospitals,Proprietary,Yes,4
102553,SAMPLE HOSPITAL 2554,MD,Acute Care Hospitals,Government - Local,Yes,2
102554,SAMPLE HOSPITAL 2555,IL,Acute Care Hospitals,Voluntary non-profit - Private,Yes,
102555,SAMPLE HOSPITAL 2556,KS,Acute Care Hospitals,Voluntary non-profit - Private,Yes,1
102556,SAMPLE HOSPITAL 2557,NV,Acute Care Hospitals,Proprietary,Yes,5
102557,SAMPLE HOSPITAL 2558,RI,Acute Care Hospitals,Voluntary non-profit - Private,No,2
102558,SAMPLE HOSPITAL 2559,MS,Critical Access Hospitals,Voluntary non-profit - Private,Yes,4
102559,SAMPLE HOSPITAL 2560,WY,Acute Care Hospitals,Voluntary non-profit - Private,Yes,3
102560,SAMPLE HOSPITAL 2561,MI,Critical Access Hospitals,Proprietary,Yes,3
102561,SAMPLE HOSPITAL 2562,AZ,Acute Care Hospitals,Voluntary non-profit - Private,Yes,3
102562,SAMPLE HOSPITAL 2563,MT,Acute Care Hospitals,Voluntary non-profit - Church,Yes,3
102563,SAMPLE HOSPITAL 2564,DE,Acute Care Hospitals,Voluntary non-profit - Private,Yes,3
102564,SAMPLE HOSPITAL 2565,TN,Critical Access Hospitals,Government - Local,No,3
102565,SAMPLE HOSPITAL 2566,WI,Acute Care Hospitals,Government - Hospital District or Authority,No,4
102566,SAMPLE HOSPITAL 2567,KY,Acute Care Hospitals,Government - Local,No,
102567,SAMPLE HOSPITAL 2568,WA,Critical Access Hospitals,Government - Local,Yes,2
102568,SAMPLE HOSPITAL 2569,NM,Acute Care Hospitals,Voluntary non-profit - Other,Yes,1
102569,SAMPLE HOSPITAL 2570,CT,Acute Care Hospitals,Voluntary non-profit - Other,No,2
102570,SAMPLE HOSPITAL 2571,GA,Critical Access Hospitals,Proprietary,Yes,3
102571,SAMPLE HOSPITAL 2572,PA,Acute Care Hospitals,Proprietary,Yes,
102572,SAMPLE HOSPITAL 2573,TN,Acute Care Hospitals,Voluntary non-profit - Private,No,4
102573,SAMPLE HOSPITAL 2574,NH,Acute Care Hospitals,Proprietary,No,2
102574,SAMPLE HOSPITAL 2575,CA,Acute Care Hospitals,Voluntary non-profit - Other,Yes,4
102575,SAMPLE HOSPITAL 2576,ME,Acute Care Hospitals,Proprietary,Yes,
102576,SAMPLE HOSPITAL 2577,KY,Critical Access Hospitals,Government - Federal,Yes,
102577,SAMPLE HOSPITAL 2578,VA,Acute Care Hospitals,Government - Hospital District or Authority,Yes,2
102578,SAMPLE HOSPITAL 2579,CO,Acute Care Hospitals,Government - Federal,Yes,
102579,SAMPLE HOSPITAL 2580,ND,Acute Care Hospitals,Voluntary non-profit - Private,Yes,5
102580,SAMPLE HOSPITAL 2581,KY,Acute Care Hospitals,Tribal,Yes,2
102581,SAMPLE HOSPITAL 2582,MS,Acute Care Hospitals,Physician,No,4
102582,SAMPLE HOSPITAL 2583,AK,Acute Care Hospitals,Government - State,Yes,3
102583,SAMPLE HOSPITAL 2584,SC,Acute Care Hospitals,Proprietary,No,3
102584,SAMPLE HOSPITAL 2585,OR,Acute Care Hospitals,Government - Hospital District or Authority,Yes,
102585,SAMPLE HOSPITAL 2586,NE,Acute Care Hospitals,Government - Hospital District or Authority,Yes,2
102586,SAMPLE HOSPITAL 2587,NM,Critical Access Hospitals,Voluntary non-profit - Private,Yes,
102587,SAMPLE HOSPITAL 2588,WA,Acute Care Hospitals,Voluntary non-profit - Private,No,5
102588,SAMPLE HOSPITAL 2589,LA,Critical Access Hospitals,Voluntary non-profit - Other,Yes,
102589,SAMPLE HOSPITAL 2590,NJ,Acute Care Hospitals,Government - Local,Yes,2
102590,SAMPLE HOSPITAL 2591,WA,Acute Care Hospitals,Proprietary,Yes,2
102591,SAMPLE HOSPITAL 2592,NC,Acute Care Hospitals,Voluntary non-profit - Private,Yes,
102592,SAMPLE HOSPITAL 2593,MI,Acute Care Hospitals,Proprietary,Yes,
102593,SAMPLE HOSPITAL 2594,SC,Acute Care Hospitals,Voluntary non-profit - Private,Yes,4
102594,SAMPLE HOSPITAL 2595,OR,Acute Care Hospitals,Voluntary non-profit - Private,Yes,2
102595,SAMPLE HOSPITAL 2596,OR,Acute Care Hospitals,Government - State,Yes,3
102596,SAMPLE HOSPITAL 2597,OH,Acute Care Hospitals,Voluntary non-profit - Church,Yes,4
102597,SAMPLE HOSPITAL 2598,RI,Critical Access Hospitals,Physician,Yes,2
102598,SAMPLE HOSPITAL 2599,MD,Acute Care Hospitals,Voluntary non-profit - Private,Yes,5
102599,SAMPLE HOSPITAL 2600,VT,Acute Care Hospitals,Proprietary,No,1
102600,SAMPLE HOSPITAL 2601,NM,Critical Access Hospitals,Government - Local,No,3
102601,SAMPLE HOSPITAL 2602,ND,Critical Access Hospitals,Voluntary non-profit - Private,Yes,3
102602,SAMPLE HOSPITAL 2603,HI,Acute Care Hospitals,Proprietary,Yes,2
102603,SAMPLE HOSPITAL 2604,ME,Acute Care Hospitals,Proprietary,No,
102604,SAMPLE HOSPITAL 2605,IA,Acute Care Hospitals,Voluntary non-profit - Private,No,3
102605,SAMPLE HOSPITAL 2606,RI,Acute Care Hospitals,Voluntary non-profit - Private,Yes,4
102606,SAMPLE HOSPITAL 2607,UT,Acute Care Hospitals,Voluntary non-profit - Private,No,4
102607,SAMPLE HOSPITAL 2608,MI,Acute Care Hospitals,Voluntary non-profit - Private,Yes,4
102608,SAMPLE HOSPITAL 2609,SC,Acute Care Hospitals,Government - Hospital District or Authority,Yes,3
102609,SAMPLE HOSPITAL 2610,SC,Acute Care Hospitals,Voluntary non-profit - Private,Yes,2
102610,SAMPLE HOSPITAL 2611,HI,Acute Care Hospitals,Voluntary non-profit - Private,Yes,3
102611,SAMPLE HOSPITAL 2612,OR,Acute Care Hospitals,Government - Local,Yes,4
102612,SAMPLE HOSPITAL 2613,MD,Acute Care Hospitals,Voluntary non-profit - Private,Yes,3
102613,SAMPLE HOSPITAL 2614,DE,Acute Care Hospitals,Physician,Yes,
102614,SAMPLE HOSPITAL 2615,OR,Acute Care Hospitals,Government - Hospital District or Authority,Yes,4
102615,SAMPLE HOSPITAL 2616,VT,Acute Care Hospitals,Government - State,Yes,3
102616,SAMPLE HOSPITAL 2617,AK,Critical Access Hospitals,Voluntary non-profit - Private,No,5
102617,SAMPLE HOSPITAL 2618,KY,Acute Care Hospitals,Government - State,No,2
102618,SAMPLE HOSPITAL 2619,AR,Acute Care Hospitals,Government - Federal,Yes,3
102619,SAMPLE HOSPITAL 2620,OH,Acute Care Hospitals,Voluntary non-profit - Private,Yes,4
102620,SAMPLE HOSPITAL 2621,MT,Acute Care Hospitals,Voluntary non-profit - Private,Yes,3
102621,SAMPLE HOSPITAL 2622,NY,Acute Care Hospitals,Voluntary non-profit - Private,Yes,3
102622,SAMPLE HOSPITAL 2623,SC,Acute Care Hospitals,Government - Federal,No,5
102623,SAMPLE HOSPITAL 2624,NV,Acute Care Hospitals,Voluntary non-profit - Private,No,3
102624,SAMPLE HOSPITAL 2625,FL,Acute Care Hospitals,Voluntary non-profit - Private,Yes,3
102625,SAMPLE HOSPITAL 2626,NJ,Acute Care Hospitals,Proprietary,No,3
102626,SAMPLE HOSPITAL 2627,RI,Acute Care Hospitals,Government - State,Yes,3
102627,SAMPLE HOSPITAL 2628,WV,Acute Care Hospitals,Government - Local,Yes,2
102628,SAMPLE HOSPITAL 2629,OH,Acute Care Hospitals,Voluntary non-profit - Private,Yes,3
102629,SAMPLE HOSPITAL 2630,NE,Acute Care Hospitals,Voluntary non-profit - Private,No,3
102630,SAMPLE HOSPITAL 2631,MI,Critical Access Hospitals,Proprietary,Yes,
102631,SAMPLE HOSPITAL 2632,AL,Acute Care Hospitals,Proprietary,No,4
102632,SAMPLE HOSPITAL 2633,IN,Acute Care Hospitals,Government - Hospital District or Authority,No,3
102633,SAMPLE HOSPITAL 2634,ND,Acute Care Hospitals,Voluntary non-profit - Other,Yes,1
102634,SAMPLE HOSPITAL 2635,KY,Acute Care Hospitals,Proprietary,No,4
102635,SAMPLE HOSPITAL 2636,CT,Acute Care Hospitals,Voluntary non-profit - Other,Yes,2
102636,SAMPLE HOSPITAL 2637,KS,Acute Care Hospitals,Physician,No,2
102637,SAMPLE HOSPITAL 2638,MI,Acute Care Hospitals,Proprietary,Yes,3
102638,SAMPLE HOSPITAL 2639,MO,Acute Care Hospitals,Voluntary non-profit - Private,Yes,4
102639,SAMPLE HOSPITAL 2640,GA,Acute Care Hospitals,Proprietary,Yes,2
102640,SAMPLE HOSPITAL 2641,ME,Acute Care Hospitals,Voluntary non-profit - Church,No,3
102641,SAMPLE HOSPITAL 2642,FL,Acute Care Hospitals,Proprietary,Yes,5
102642,SAMPLE HOSPITAL 2643,AK,Acute Care Hospitals,Voluntary non-profit - Other,No,1
102643,SAMPLE HOSPITAL 2644,MA,Acute Care Hospitals,Voluntary non-profit - Private,Yes,3
102644,SAMPLE HOSPITAL 2645,MI,Critical Access Hospitals,Voluntary non-profit - Private,Yes,2
102645,SAMPLE HOSPITAL 2646,MO,Acute Care Hospitals,Voluntary non-profit - Private,Yes,3
102646,SAMPLE HOSPITAL 2647,KY,Acute Care Hospitals,Voluntary non-profit - Other,Yes,3
102647,SAMPLE HOSPITAL 2648,ID,Acute Care Hospitals,Voluntary non-profit - Private,No,2
102648,SAMPLE HOSPITAL 2649,IL,Acute Care Hospitals,Voluntary non-profit - Private,Yes,3
102649,SAMPLE HOSPITAL 2650,GA,Critical Access Hospitals,Voluntary non-profit - Private,Yes,1
102650,SAMPLE HOSPITAL 2651,KS,Acute Care Hospitals,Voluntary non-profit - Other,No,3
102651,SAMPLE HOSPITAL 2652,SD,Acute Care Hospitals,Voluntary non-profit - Other,No,4
102652,SAMPLE HOSPITAL 2653,CO,Acute Care Hospitals,Voluntary non-profit - Private,Yes,3
102653,SAMPLE HOSPITAL 2654,MO,Acute Care Hospitals,Voluntary non-profit - Private,Yes,3
102654,SAMPLE HOSPITAL 2655,IA,Acute Care Hospitals,Voluntary non-profit - Private,Yes,5
102655,SAMPLE HOSPITAL 2656,MI,Critical Access Hospitals,Proprietary,Yes,3
102656,SAMPLE HOSPITAL 2657,MD,Acute Care Hospitals,Voluntary non-profit - Private,No,5
102657,SAMPLE HOSPITAL 2658,ND,Critical Access Hospitals,Voluntary non-profit - Private,No,4
102658,SAMPLE HOSPITAL 2659,FL,Critical Access Hospitals,Government - Federal,Yes,3
102659,SAMPLE HOSPITAL 2660,KY,Acute Care Hospitals,Voluntary non-profit - Private,Yes,5
102660,SAMPLE HOSPITAL 2661,CO,Acute Care Hospitals,Voluntary non-profit - Private,No,3
102661,SAMPLE HOSPITAL 2662,MT,Acute Care Hospitals,Voluntary non-profit - Private,Yes,3
102662,SAMPLE HOSPITAL 2663,IA,Acute Care Hospitals,Government - Local,No,4
102663,SAMPLE HOSPITAL 2664,WY,Acute Care Hospitals,Voluntary non-profit - Private,Yes,3
102664,SAMPLE HOSPITAL 2665,MT,Acute Care Hospitals,Government - State,Yes,4
102665,SAMPLE HOSPITAL 2666,IL,Acute Care Hospitals,Voluntary non-profit - Private,No,3
102666,SAMPLE HOSPITAL 2667,AR,Acute Care Hospitals,Voluntary non-profit - Church,Yes,2
102667,SAMPLE HOSPITAL 2668,IA,Acute Care Hospitals,Voluntary non-profit - Private,Yes,2
102668,SAMPLE HOSPITAL 2669,IA,Acute Care Hospitals,Proprietary,Yes,5
102669,SAMPLE HOSPITAL 2670,MO,Acute Care Hospitals,Voluntary non-profit - Church,No,4
102670,SAMPLE HOSPITAL 2671,KS,Acute Care Hospitals,Government - State,Yes,1
102671,SAMPLE HOSPITAL 2672,ND,Acute Care Hospitals,Government - Hospital District or Authority,No,3
102672,SAMPLE HOSPITAL 2673,TX,Acute Care Hospitals,Government - Federal,No,3
102673,SAMPLE HOSPITAL 2674,AL,Acute Care Hospitals,Voluntary non-profit - Private,Yes,2
102674,SAMPLE HOSPITAL 2675,MO,Acute Care Hospitals,Proprietary,No,3
102675,SAMPLE HOSPITAL 2676,AL,Acute Care Hospitals,Voluntary non-profit - Private,Yes,3
102676,SAMPLE HOSPITAL 2677,NM,Acute Care Hospitals,Voluntary non-profit - Private,Yes,3
102677,SAMPLE HOSPITAL 2678,MI,Acute Care Hospitals,Physician,Yes,
102678,SAMPLE HOSPITAL 2679,TX,Acute Care Hospitals,Government - Hospital District or Authority,Yes,2
102679,SAMPLE HOSPITAL 2680,FL,Critical Access Hospitals,Government - Local,Yes,3
102680,SAMPLE HOSPITAL 2681,WI,Acute Care Hospitals,Voluntary non-profit - Private,Yes,2
102681,SAMPLE HOSPITAL 2682,CA,Acute Care Hospitals,Tribal,Yes,4
102684,SAMPLE HOSPITAL 2685,AK,Acute Care Hospitals,Voluntary non-profit - Church,Yes,3
102685,SAMPLE HOSPITAL 2686,SD,Acute Care Hospitals,Voluntary non-profit - Private,Yes,
102686,SAMPLE HOSPITAL 2687,VA,Acute Care Hospitals,Voluntary non-profit - Other,No,2
102687,SAMPLE HOSPITAL 2688,CT,Acute Care Hospitals,Voluntary non-profit - Private,Yes,3
102688,SAMPLE HOSPITAL 2689,ID,Acute Care Hospitals,Government - State,No,2
102689,SAMPLE HOSPITAL 2690,WY,Acute Care Hospitals,Government - Hospital District or Authority,Yes,3
102690,SAMPLE HOSPITAL 2691,IA,Acute Care Hospitals,Proprietary,Yes,2
102691,SAMPLE HOSPITAL 2692,WY,Critical Access Hospitals,Voluntary non-profit - Private,Yes,3
102692,SAMPLE HOSPITAL 2693,OR,Acute Care Hospitals,Government - Local,No,2
102693,SAMPLE HOSPITAL 2694,MT,Acute Care Hospitals,Voluntary non-profit - Private,Yes,
102694,SAMPLE HOSPITAL 2695,MN,Acute Care Hospitals,Proprietary,Yes,4
102695,SAMPLE HOSPITAL 2696,NY,Acute Care Hospitals,Voluntary non-profit - Private,Yes,4
102696,SAMPLE HOSPITAL 2697,NM,Acute Care Hospitals,Physician,No,5
102697,SAMPLE HOSPITAL 2698,NV,Acute Care Hospitals,Physician,Yes,3
102698,SAMPLE HOSPITAL 2699,SD,Acute Care Hospitals,Voluntary non-profit - Private,No,3
102699,SAMPLE HOSPITAL 2700,UT,Critical Access Hospitals,Proprietary,Yes,3
102700,SAMPLE HOSPITAL 2701,ID,Acute Care Hospitals,Proprietary,No,4
102701,SAMPLE HOSPITAL 2702,UT,Acute Care Hospitals,Government - Hospital District or Authority,Yes,3
102702,SAMPLE HOSPITAL 2703,MI,Acute Care Hospitals,Proprietary,Yes,4
102703,SAMPLE HOSPITAL 2704,VA,Acute Care Hospitals,Tribal,Yes,
102704,SAMPLE HOSPITAL 2705,FL,Critical Access Hospitals,Proprietary,Yes,
102705,SAMPLE HOSPITAL 2706,SD,Critical Access Hospitals,Proprietary,Yes,2
102706,SAMPLE HOSPITAL 2707,NE,Acute Care Hospitals,Proprietary,Yes,4
102707,SAMPLE HOSPITAL 2708,AL,Acute Care Hospitals,Voluntary non-profit - Private,No,4
102708,SAMPLE HOSPITAL 2709,AL,Acute Care Hospitals,Proprietary,Yes,2
102709,SAMPLE HOSPITAL 2710,NY,Acute Care Hospitals,Voluntary non-profit - Private,Yes,2
102710,SAMPLE HOSPITAL 2711,AK,Acute Care Hospitals,Proprietary,Yes,3
102711,SAMPLE HOSPITAL 2712,DE,Critical Access Hospitals,Government - Federal,Yes,4
102712,SAMPLE HOSPITAL 2713,NC,Acute Care Hospitals,Proprietary,Yes,4
102713,SAMPLE HOSPITAL 2714,NY,Acute Care Hospitals,Government - Hospital District or Authority,Yes,5
102714,SAMPLE HOSPITAL 2715,NC,Acute Care Hospitals,Voluntary non-profit - Private,Yes,4
102715,SAMPLE HOSPITAL 2716,NH,Acute Care Hospitals,Proprietary,Yes,2
102716,SAMPLE HOSPITAL 2717,MD,Acute Care Hospitals,Proprietary,Yes,2
102717,SAMPLE HOSPITAL 2718,RI,Acute Care Hospitals,Voluntary non-profit - Private,No,2
102718,SAMPLE HOSPITAL 2719,PA,Critical Access Hospitals,Voluntary non-profit - Church,Yes,2
102719,SAMPLE HOSPITAL 2720,MA,Critical Access Hospitals,Proprietary,Yes,5
102720,SAMPLE HOSPITAL 2721,WI,Acute Care Hospitals,Government - Hospital District or Authority,Yes,3
102721,SAMPLE HOSPITAL 2722,AL,Acute Care Hospitals,Voluntary non-profit - Private,No,4
102722,SAMPLE HOSPITAL 2723,LA,Acute Care Hospitals,Proprietary,Yes,3
102723,SAMPLE HOSPITAL 2724,NJ,Acute Care Hospitals,Government - Local,Yes,
102724,SAMPLE HOSPITAL 2725,ND,Acute Care Hospitals,Government - Federal,No,3
102725,SAMPLE HOSPITAL 2726,NC,Acute Care Hospitals,Proprietary,Yes,3
102726,SAMPLE HOSPITAL 2727,VA,Acute Care Hospitals,Government - Hospital District or Authority,Yes,3
102727,SAMPLE HOSPITAL 2728,LA,Acute Care Hospitals,Government - Local,Yes,3
102728,SAMPLE HOSPITAL 2729,NH,Acute Care Hospitals,Voluntary non-profit - Private,No,3
102729,SAMPLE HOSPITAL 2730,MN,Critical Access Hospitals,Voluntary non-profit - Private,Yes,2
102730,SAMPLE HOSPITAL 2731,SD,Acute Care Hospitals,Government - Local,No,3
102731,SAMPLE HOSPITAL 2732,NC,Acute Care Hospitals,Voluntary non-profit - Private,Yes,2
102732,SAMPLE HOSPITAL 2733,IN,Acute Care Hospitals,Physician,Yes,4
102733,SAMPLE HOSPITAL 2734,UT,Acute Care Hospitals,Voluntary non-profit - Private,Yes,
102734,SAMPLE HOSPITAL 2735,GA,Acute Care Hospitals,Proprietary,Yes,3
102735,SAMPLE HOSPITAL 2736,FL,Acute Care Hospitals,Voluntary non-profit - Private,No,5
102736,SAMPLE HOSPITAL 2737,KS,Acute Care Hospitals,Proprietary,Yes,3
102737,SAMPLE HOSPITAL 2738,IL,Acute Care Hospitals,Voluntary non-profit - Private,Yes,3
102739,SAMPLE HOSPITAL 2740,OR,Acute Care Hospitals,Government - State,Yes,2
102740,SAMPLE HOSPITAL 2741,SD,Critical Access Hospitals,Government - State,Yes,3
102741,SAMPLE HOSPITAL 2742,TN,Critical Access Hospitals,Voluntary non-profit - Private,Yes,3
102742,SAMPLE HOSPITAL 2743,MI,Acute Care Hospitals,Government - State,Yes,3
102743,SAMPLE HOSPITAL 2744,IA,Acute Care Hospitals,Voluntary non-profit - Private,Yes,2
102744,SAMPLE HOSPITAL 2745,VT,Acute Care Hospitals,Government - State,Yes,4
102745,SAMPLE HOSPITAL 2746,ID,Acute Care Hospitals,Government - Federal,No,1
102746,SAMPLE HOSPITAL 2747,AK,Acute Care Hospitals,Proprietary,Yes,4
102747,SAMPLE HOSPITAL 2748,DE,Acute Care Hospitals,Voluntary non-profit - Private,Yes,4
102748,SAMPLE HOSPITAL 2749,WV,Acute Care Hospitals,Voluntary non-profit - Private,Yes,4
102749,SAMPLE HOSPITAL 2750,NE,Acute Care Hospitals,Voluntary non-profit - Church,Yes,3
102750,SAMPLE HOSPITAL 2751,MA,Critical Access Hospitals,Voluntary non-profit - Private,Yes,3
102751,SAMPLE HOSPITAL 2752,GA,Acute Care Hospitals,Tribal,No,
102752,SAMPLE HOSPITAL 2753,OR,Acute Care Hospitals,Voluntary non-profit - Private,Yes,2
102753,SAMPLE HOSPITAL 2754,NY,Acute Care Hospitals,Government - Local,Yes,
102754,SAMPLE HOSPITAL 2755,NH,Acute Care Hospitals,Voluntary non-profit - Private,No,1
102755,SAMPLE HOSPITAL 2756,OK,Acute Care Hospitals,Government - Hospital District or Authority,Yes,3
102756,SAMPLE HOSPITAL 2757,NV,Acute Care Hospitals,Voluntary non-profit - Private,Yes,3
102757,SAMPLE HOSPITAL 2758,NC,Acute Care Hospitals,Voluntary non-profit - Private,Yes,3
102758,SAMPLE HOSPITAL 2759,NY,Acute Care Hospitals,Voluntary non-profit - Private,No,2
102759,SAMPLE HOSPITAL 2760,MO,Acute Care Hospitals,Proprietary,Yes,3
102760,SAMPLE HOSPITAL 2761,DE,Acute Care Hospitals,Voluntary non-profit - Private,Yes,3
102761,SAMPLE HOSPITAL 2762,SC,Acute Care Hospitals,Voluntary non-profit - Private,No,4
102762,SAMPLE HOSPITAL 2763,NY,Critical Access Hospitals,Voluntary non-profit - Private,Yes,
102763,SAMPLE HOSPITAL 2764,IA,Acute Care Hospitals,Voluntary non-profit - Private,Yes,3
102764,SAMPLE HOSPITAL 2765,MA,Acute Care Hospitals,Proprietary,Yes,3
102765,SAMPLE HOSPITAL 2766,VA,Critical Access Hospitals,Government - Hospital District or Authority,No,5
102766,SAMPLE HOSPITAL 2767,LA,Acute Care Hospitals,Proprietary,Yes,3
102767,SAMPLE HOSPITAL 2768,RI,Acute Care Hospitals,Proprietary,Yes,3
102768,SAMPLE HOSPITAL 2769,TX,Acute Care Hospitals,Voluntary non-profit - Church,Yes,5
102769,SAMPLE HOSPITAL 2770,UT,Acute Care Hospitals,Government - Hospital District or Authority,No,2
102770,SAMPLE HOSPITAL 2771,MO,Acute Care Hospitals,Voluntary non-profit - Private,Yes,
102771,SAMPLE HOSPITAL 2772,NJ,Acute Care Hospitals,Voluntary non-profit - Church,Yes,3
102772,SAMPLE HOSPITAL 2773,LA,Acute Care Hospitals,Proprietary,No,4
102773,SAMPLE HOSPITAL 2774,KY,Acute Care Hospitals,Government - Hospital District or Authority,Yes,3
102774,SAMPLE HOSPITAL 2775,GA,Critical Access Hospitals,Physician,Yes,2
102775,SAMPLE HOSPITAL 2776,NE,Acute Care Hospitals,Government - Hospital District or Authority,Yes,3
102776,SAMPLE HOSPITAL 2777,KS,Acute Care Hospitals,Proprietary,Yes,
102777,SAMPLE HOSPITAL 2778,TN,Acute Care Hospitals,Proprietary,No,
102778,SAMPLE HOSPITAL 2779,KY,Acute Care Hospitals,Government - Local,No,3
102779,SAMPLE HOSPITAL 2780,OK,Acute Care Hospitals,Physician,Yes,4
102780,SAMPLE HOSPITAL 2781,RI,Critical Access Hospitals,Proprietary,Yes,5
102781,SAMPLE HOSPITAL 2782,CO,Acute Care Hospitals,Government - Hospital District or Authority,Yes,
102782,SAMPLE HOSPITAL 2783,NV,Acute Care Hospitals,Proprietary,No,4
102783,SAMPLE HOSPITAL 2784,NM,Acute Care Hospitals,Government - State,Yes,3
102784,SAMPLE HOSPITAL 2785,WA,Acute Care Hospitals,Proprietary,Yes,4
102785,SAMPLE HOSPITAL 2786,VT,Acute Care Hospitals,Voluntary non-profit - Private,Yes,
102786,SAMPLE HOSPITAL 2787,ME,Acute Care Hospitals,Proprietary,No,3
102787,SAMPLE HOSPITAL 2788,FL,Acute Care Hospitals,Voluntary non-profit - Private,No,4
102788,SAMPLE HOSPITAL 2789,MI,Acute Care Hospitals,Government - State,Yes,4
102789,SAMPLE HOSPITAL 2790,KS,Acute Care Hospitals,Proprietary,Yes,2
102790,SAMPLE HOSPITAL 2791,ME,Acute Care Hospitals,Voluntary non-profit - Private,Yes,
102791,SAMPLE HOSPITAL 2792,IN,Critical Access Hospitals,Voluntary non-profit - Other,Yes,2
102792,SAMPLE HOSPITAL 2793,VT,Acute Care Hospitals,Voluntary non-profit - Private,Yes,3
102793,SAMPLE HOSPITAL 2794,MI,Critical Access Hospitals,Government - Local,Yes,
102794,SAMPLE HOSPITAL 2795,MO,Critical Access Hospitals,Tribal,No,5
102795,SAMPLE HOSPITAL 2796,AZ,Acute Care Hospitals,Proprietary,No,2
102796,SAMPLE HOSPITAL 2797,CO,Acute Care Hospitals,Voluntary non-profit - Other,Yes,4
102797,SAMPLE HOSPITAL 2798,FL,Critical Access Hospitals,Proprietary,Yes,4
102798,SAMPLE HOSPITAL 2799,ID,Critical Access Hospitals,Voluntary non-profit - Church,Yes,3
102799,SAMPLE HOSPITAL 2800,LA,Acute Care Hospitals,Voluntary non-profit - Private,Yes,3
102800,SAMPLE HOSPITAL 2801,WI,Acute Care Hospitals,Government - Local,No,3
102801,SAMPLE HOSPITAL 2802,NY,Acute Care Hospitals,Proprietary,Yes,4
102802,SAMPLE HOSPITAL 2803,AR,Critical Access Hospitals,Voluntary non-profit - Church,Yes,4
102803,SAMPLE HOSPITAL 2804,MD,Acute Care Hospitals,Voluntary non-profit - Private,No,5
102804,SAMPLE HOSPITAL 2805,ND,Acute Care Hospitals,Voluntary non-profit - Private,Yes,4
102805,SAMPLE HOSPITAL 2806,NE,Acute Care Hospitals,Government - Local,No,1
102806,SAMPLE HOSPITAL 2807,IA,Acute Care Hospitals,Proprietary,No,1
102807,SAMPLE HOSPITAL 2808,WV,Acute Care Hospitals,Proprietary,Yes,3
102808,SAMPLE HOSPITAL 2809,MN,Acute Care Hospitals,Government - Federal,Yes,4
102809,SAMPLE HOSPITAL 2810,HI,Acute Care Hospitals,Voluntary non-profit - Private,Yes,3
102810,SAMPLE HOSPITAL 2811,IA,Acute Care Hospitals,Voluntary non-profit - Private,No,4
102811,SAMPLE HOSPITAL 2812,OK,Acute Care Hospitals,Voluntary non-profit - Private,Yes,
102813,SAMPLE HOSPITAL 2814,NY,Acute Care Hospitals,Proprietary,Yes,2
102814,SAMPLE HOSPITAL 2815,MN,Acute Care Hospitals,Voluntary non-profit - Private,Yes,2
102815,SAMPLE HOSPITAL 2816,NH,Acute Care Hospitals,Voluntary non-profit - Private,Yes,2
102816,SAMPLE HOSPITAL 2817,FL,Acute Care Hospitals,Proprietary,Yes,
102817,SAMPLE HOSPITAL 2818,WY,Acute Care Hospitals,Voluntary non-profit - Private,Yes,4
102818,SAMPLE HOSPITAL 2819,NY,Acute Care Hospitals,Voluntary non-profit - Private,No,
102819,SAMPLE HOSPITAL 2820,WI,Acute Care Hospitals,Proprietary,Yes,5
102820,SAMPLE HOSPITAL 2821,ID,Acute Care Hospitals,Government - Hospital District or Authority,Yes,5
102821,SAMPLE HOSPITAL 2822,PA,Acute Care Hospitals,Proprietary,Yes,3
102822,SAMPLE HOSPITAL 2823,MS,Acute Care Hospitals,Voluntary non-profit - Private,No,4
102823,SAMPLE HOSPITAL 2824,RI,Acute Care Hospitals,Government - Hospital District or Authority,Yes,5
102824,SAMPLE HOSPITAL 2825,KY,Acute Care Hospitals,Voluntary non-profit - Other,Yes,4
102825,SAMPLE HOSPITAL 2826,NJ,Acute Care Hospitals,Voluntary non-profit - Private,Yes,4
102826,SAMPLE HOSPITAL 2827,VT,Acute Care Hospitals,Proprietary,Yes,4
102827,SAMPLE HOSPITAL 2828,OK,Acute Care Hospitals,Proprietary,Yes,4
102828,SAMPLE HOSPITAL 2829,NC,Acute Care Hospitals,Voluntary non-profit - Private,No,3
102829,SAMPLE HOSPITAL 2830,GA,Acute Care Hospitals,Government - State,Yes,
102830,SAMPLE HOSPITAL 2831,NM,Acute Care Hospitals,Voluntary non-profit - Church,Yes,2
102831,SAMPLE HOSPITAL 2832,MA,Acute Care Hospitals,Government - Hospital District or Authority,Yes,2
102832,SAMPLE HOSPITAL 2833,NV,Acute Care Hospitals,Voluntary non-profit - Private,Yes,1
102833,SAMPLE HOSPITAL 2834,MN,Acute Care Hospitals,Voluntary non-profit - Private,Yes,5
102834,SAMPLE HOSPITAL 2835,IL,Acute Care Hospitals,Voluntary non-profit - Private,No,4
102835,SAMPLE HOSPITAL 2836,AK,Acute Care Hospitals,Voluntary non-profit - Private,No,
102836,SAMPLE HOSPITAL 2837,MT,Acute Care Hospitals,Voluntary non-profit - Private,No,2
102837,SAMPLE HOSPITAL 2838,CT,Acute Care Hospitals,Proprietary,Yes,3
102838,SAMPLE HOSPITAL 2839,KS,Critical Access Hospitals,Government - Hospital District or Authority,Yes,2
102839,SAMPLE HOSPITAL 2840,ME,Acute Care Hospitals,Voluntary non-profit - Private,No,4
102840,SAMPLE HOSPITAL 2841,ID,Acute Care Hospitals,Proprietary,Yes,3
102841,SAMPLE HOSPITAL 2842,WV,Critical Access Hospitals,Proprietary,Yes,3
102842,SAMPLE HOSPITAL 2843,WY,Acute Care Hospitals,Voluntary non-profit - Other,Yes,1
102843,SAMPLE HOSPITAL 2844,GA,Acute Care Hospitals,Voluntary non-profit - Other,No,1
102844,SAMPLE HOSPITAL 2845,VA,Acute Care Hospitals,Voluntary non-profit - Church,Yes,
102845,SAMPLE HOSPITAL 2846,HI,Acute Care Hospitals,Voluntary non-profit - Private,Yes,5
102846,SAMPLE HOSPITAL 2847,KY,Acute Care Hospitals,Voluntary non-profit - Other,No,4
102847,SAMPLE HOSPITAL 2848,DE,Acute Care Hospitals,Proprietary,No,4
102848,SAMPLE HOSPITAL 2849,WV,Acute Care Hospitals,Voluntary non-profit - Other,Yes,5
102849,SAMPLE HOSPITAL 2850,MO,Acute Care Hospitals,Voluntary non-profit - Church,Yes,2
102850,SAMPLE HOSPITAL 2851,AK,Acute Care Hospitals,Voluntary non-profit - Other,No,4
102851,SAMPLE HOSPITAL 2852,AK,Acute Care Hospitals,Proprietary,No,2
102852,SAMPLE HOSPITAL 2853,LA,Acute Care Hospitals,Proprietary,Yes,3
102853,SAMPLE HOSPITAL 2854,TX,Acute Care Hospitals,Voluntary non-profit - Private,Yes,2
102854,SAMPLE HOSPITAL 2855,NE,Critical Access Hospitals,Voluntary non-profit - Private,Yes,4
102855,SAMPLE HOSPITAL 2856,OK,Acute Care Hospitals,Proprietary,Yes,3
102856,SAMPLE HOSPITAL 2857,VA,Acute Care Hospitals,Voluntary non-profit - Private,Yes,2
102857,SAMPLE HOSPITAL 2858,WV,Acute Care Hospitals,Voluntary non-profit - Private,Yes,2
102858,SAMPLE HOSPITAL 2859,AL,Acute Care Hospitals,Voluntary non-profit - Private,No,3
102859,SAMPLE HOSPITAL 2860,PA,Acute Care Hospitals,Government - Hospital District or Authority,Yes,2
102861,SAMPLE HOSPITAL 2862,NH,Acute Care Hospitals,Physician,Yes,1
102862,SAMPLE HOSPITAL 2863,AZ,Critical Access Hospitals,Voluntary non-profit - Private,Yes,3
102863,SAMPLE HOSPITAL 2864,MA,Acute Care Hospitals,Voluntary non-profit - Private,Yes,4
102864,SAMPLE HOSPITAL 2865,UT,Acute Care Hospitals,Government - State,No,4
102865,SAMPLE HOSPITAL 2866,MA,Critical Access Hospitals,Proprietary,Yes,2
102866,SAMPLE HOSPITAL 2867,ND,Acute Care Hospitals,Voluntary non-profit - Private,Yes,
102867,SAMPLE HOSPITAL 2868,DE,Acute Care Hospitals,Voluntary non-profit - Private,No,4
102868,SAMPLE HOSPITAL 2869,MS,Critical Access Hospitals,Government - Hospital District or Authority,Yes,4
102869,SAMPLE HOSPITAL 2870,VA,Acute Care Hospitals,Voluntary non-profit - Private,No,1
102870,SAMPLE HOSPITAL 2871,OK,Acute Care Hospitals,Voluntary non-profit - Private,Yes,2
102871,SAMPLE HOSPITAL 2872,OK,Acute Care Hospitals,Voluntary non-profit - Private,Yes,3
102872,SAMPLE HOSPITAL 2873,OK,Acute Care Hospitals,Voluntary non-profit - Private,Yes,4
102873,SAMPLE HOSPITAL 2874,WY,Critical Access Hospitals,Voluntary non-profit - Private,Yes,4
102874,SAMPLE HOSPITAL 2875,KS,Critical Access Hospitals,Proprietary,No,2
102875,SAMPLE HOSPITAL 2876,WI,Critical Access Hospitals,Government - State,Yes,4
102876,SAMPLE HOSPITAL 2877,LA,Acute Care Hospitals,Voluntary non-profit - Church,No,3
102877,SAMPLE HOSPITAL 2878,UT,Acute Care Hospitals,Voluntary non-profit - Church,No,4
102878,SAMPLE HOSPITAL 2879,NM,Acute Care Hospitals,Tribal,Yes,3
102879,SAMPLE HOSPITAL 2880,NY,Acute Care Hospitals,Voluntary non-profit - Private,Yes,2
102880,SAMPLE HOSPITAL 2881,MT,Acute Care Hospitals,Government - State,Yes,4
102881,SAMPLE HOSPITAL 2882,HI,Critical Access Hospitals,Government - Hospital District or Authority,Yes,
102882,SAMPLE HOSPITAL 2883,WY,Acute Care Hospitals,Government - Hospital District or Authority,Yes,4
102883,SAMPLE HOSPITAL 2884,DE,Critical Access Hospitals,Voluntary non-profit - Private,Yes,3
102884,SAMPLE HOSPITAL 2885,IN,Critical Access Hospitals,Voluntary non-profit - Private,Yes,2
102885,SAMPLE HOSPITAL 2886,VT,Acute Care Hospitals,Government - Local,Yes,2
102886,SAMPLE HOSPITAL 2887,NY,Acute Care Hospitals,Proprietary,Yes,
102887,SAMPLE HOSPITAL 2888,AL,Acute Care Hospitals,Voluntary non-profit - Private,Yes,5
102888,SAMPLE HOSPITAL 2889,WI,Acute Care Hospitals,Voluntary non-profit - Private,Yes,3
102889,SAMPLE HOSPITAL 2890,FL,Acute Care Hospitals,Proprietary,Yes,3
102890,SAMPLE HOSPITAL 2891,WI,Acute Care Hospitals,Voluntary non-profit - Other,Yes,3
102891,SAMPLE HOSPITAL 2892,VA,Acute Care Hospitals,Voluntary non-profit - Private,Yes,3
102892,SAMPLE HOSPITAL 2893,IN,Acute Care Hospitals,Proprietary,Yes,4
102893,SAMPLE HOSPITAL 2894,SC,Acute Care Hospitals,Proprietary,No,3
102894,SAMPLE HOSPITAL 2895,UT,Acute Care Hospitals,Voluntary non-profit - Private,Yes,3
102895,SAMPLE HOSPITAL 2896,WI,Acute Care Hospitals,Government - Local,No,3
102896,SAMPLE HOSPITAL 2897,SD,Acute Care Hospitals,Voluntary non-profit - Private,Yes,3
102897,SAMPLE HOSPITAL 2898,OR,Acute Care Hospitals,Proprietary,Yes,2
102898,SAMPLE HOSPITAL 2899,MD,Acute Care Hospitals,Voluntary non-profit - Private,No,2
102899,SAMPLE HOSPITAL 2900,ME,Acute Care Hospitals,Proprietary,Yes,2
102900,SAMPLE HOSPITAL 2901,MA,Acute Care Hospitals,Voluntary non-profit - Church,No,4
102901,SAMPLE HOSPITAL 2902,IN,Acute Care Hospitals,Government - Hospital District or Authority,No,3
102902,SAMPLE HOSPITAL 2903,IN,Acute Care Hospitals,Voluntary non-profit - Private,Yes,5
102903,SAMPLE HOSPITAL 2904,RI,Acute Care Hospitals,Voluntary non-profit - Other,Yes,
102904,SAMPLE HOSPITAL 2905,WV,Acute Care Hospitals,Proprietary,Yes,3
102905,SAMPLE HOSPITAL 2906,TX,Critical Access Hospitals,Government - Hospital District or Authority,Yes,2
102906,SAMPLE HOSPITAL 2907,RI,Critical Access Hospitals,Voluntary non-profit - Private,Yes,2
102907,SAMPLE HOSPITAL 2908,MN,Critical Access Hospitals,Voluntary non-profit - Private,No,2
102908,SAMPLE HOSPITAL 2909,IN,Critical Access Hospitals,Voluntary non-profit - Private,Yes,3
102909,SAMPLE HOSPITAL 2910,TX,Acute Care Hospitals,Voluntary non-profit - Church,Yes,2
102910,SAMPLE HOSPITAL 2911,NH,Acute Care Hospitals,Voluntary non-profit - Private,Yes,3
102911,SAMPLE HOSPITAL 2912,AR,Acute Care Hospitals,Voluntary non-profit - Other,Yes,2
102912,SAMPLE HOSPITAL 2913,KY,Critical Access Hospitals,Voluntary non-profit - Church,Yes,3
102913,SAMPLE HOSPITAL 2914,AL,Acute Care Hospitals,Voluntary non-profit - Private,Yes,3
102914,SAMPLE HOSPITAL 2915,PA,Acute Care Hospitals,Government - Local,No,3
102915,SAMPLE HOSPITAL 2916,CO,Acute Care Hospitals,Proprietary,Yes,2
102916,SAMPLE HOSPITAL 2917,MN,Acute Care Hospitals,Proprietary,Yes,
102917,SAMPLE HOSPITAL 2918,MD,Acute Care Hospitals,Voluntary non-profit - Private,Yes,2
102918,SAMPLE HOSPITAL 2919,NC,Acute Care Hospitals,Voluntary non-profit - Private,Yes,2
102919,SAMPLE HOSPITAL 2920,CA,Acute Care Hospitals,Government - Hospital District or Authority,Yes,3
102920,SAMPLE HOSPITAL 2921,RI,Acute Care Hospitals,Voluntary non-profit - Private,Yes,3
102921,SAMPLE HOSPITAL 2922,MI,Acute Care Hospitals,Voluntary non-profit - Church,No,3
102922,SAMPLE HOSPITAL 2923,CA,Critical Access Hospitals,Proprietary,Yes,2
102923,SAMPLE HOSPITAL 2924,AK,Acute Care Hospitals,Government - Hospital District or Authority,Yes,3
102924,SAMPLE HOSPITAL 2925,OR,Acute Care Hospitals,Voluntary non-profit - Private,Yes,4
102925,SAMPLE HOSPITAL 2926,IN,Acute Care Hospitals,Voluntary non-profit - Other,Yes,3
102926,SAMPLE HOSPITAL 2927,VT,Acute Care Hospitals,Voluntary non-profit - Private,Yes,4
102927,SAMPLE HOSPITAL 2928,AR,Acute Care Hospitals,Proprietary,Yes,4
102928,SAMPLE HOSPITAL 2929,DE,Acute Care Hospitals,Government - Local,Yes,4
102929,SAMPLE HOSPITAL 2930,IL,Acute Care Hospitals,Government - Hospital District or Authority,Yes,1
102930,SAMPLE HOSPITAL 2931,DE,Acute Care Hospitals,Proprietary,Yes,3
102931,SAMPLE HOSPITAL 2932,AK,Acute Care Hospitals,Voluntary non-profit - Private,Yes,2
102932,SAMPLE HOSPITAL 2933,CA,Acute Care Hospitals,Voluntary non-profit - Private,Yes,2
102933,SAMPLE HOSPITAL 2934,VT,Acute Care Hospitals,Proprietary,No,5
102934,SAMPLE HOSPITAL 2935,CT,Acute Care Hospitals,Voluntary non-profit - Private,Yes,1
102935,SAMPLE HOSPITAL 2936,AK,Critical Access Hospitals,Voluntary non-profit - Private,No,3
102936,SAMPLE HOSPITAL 2937,NV,Acute Care Hospitals,Voluntary non-profit - Private,Yes,3
102937,SAMPLE HOSPITAL 2938,GA,Critical Access Hospitals,Tribal,No,3
102938,SAMPLE HOSPITAL 2939,NV,Acute Care Hospitals,Voluntary non-profit - Other,Yes,3
102939,SAMPLE HOSPITAL 2940,RI,Acute Care Hospitals,Voluntary non-profit - Private,Yes,3
102940,SAMPLE HOSPITAL 2941,UT,Acute Care Hospitals,Proprietary,Yes,4
102941,SAMPLE HOSPITAL 2942,RI,Acute Care Hospitals,Government - Hospital District or Authority,Yes,4
102942,SAMPLE HOSPITAL 2943,RI,Acute Care Hospitals,Government - Hospital District or Authority,No,1
102943,SAMPLE HOSPITAL 2944,NM,Acute Care Hospitals,Voluntary non-profit - Private,Yes,2
102944,SAMPLE HOSPITAL 2945,NY,Acute Care Hospitals,Government - Local,No,4
102945,SAMPLE HOSPITAL 2946,AZ,Acute Care Hospitals,Voluntary non-profit - Private,Yes,
102946,SAMPLE HOSPITAL 2947,MI,Acute Care Hospitals,Voluntary non-profit - Other,Yes,3
102947,SAMPLE HOSPITAL 2948,SC,Acute Care Hospitals,Voluntary non-profit - Private,Yes,2
102948,SAMPLE HOSPITAL 2949,PA,Acute Care Hospitals,Voluntary non-profit - Private,Yes,2
102949,SAMPLE HOSPITAL 2950,OH,Acute Care Hospitals,Government - Local,Yes,3
102950,SAMPLE HOSPITAL 2951,VT,Acute Care Hospitals,Proprietary,Yes,3
102951,SAMPLE HOSPITAL 2952,NC,Acute Care Hospitals,Tribal,No,3
102952,SAMPLE HOSPITAL 2953,IN,Acute Care Hospitals,Government - Hospital District or Authority,Yes,4
102953,SAMPLE HOSPITAL 2954,NC,Acute Care Hospitals,Voluntary non-profit - Private,Yes,2
102954,SAMPLE HOSPITAL 2955,WV,Acute Care Hospitals,Proprietary,Yes,4
102955,SAMPLE HOSPITAL 2956,AZ,Acute Care Hospitals,Voluntary non-profit - Private,No,3
102957,SAMPLE HOSPITAL 2958,CO,Critical Access Hospitals,Voluntary non-profit - Private,No,
102958,SAMPLE HOSPITAL 2959,OK,Acute Care Hospitals,Proprietary,Yes,3
102959,SAMPLE HOSPITAL 2960,NM,Acute Care Hospitals,Proprietary,No,5
102960,SAMPLE HOSPITAL 2961,MD,Acute Care Hospitals,Government - Local,Yes,
102961,SAMPLE HOSPITAL 2962,DE,Acute Care Hospitals,Voluntary non-profit - Church,No,4
102962,SAMPLE HOSPITAL 2963,SC,Acute Care Hospitals,Voluntary non-profit - Church,Yes,2
102963,SAMPLE HOSPITAL 2964,OK,Critical Access Hospitals,Proprietary,Yes,4
102964,SAMPLE HOSPITAL 2965,VA,Acute Care Hospitals,Voluntary non-profit - Private,Yes,1
102965,SAMPLE HOSPITAL 2966,PA,Acute Care Hospitals,Proprietary,Yes,5
102966,SAMPLE HOSPITAL 2967,OK,Critical Access Hospitals,Government - Local,Yes,5
102967,SAMPLE HOSPITAL 2968,MT,Acute Care Hospitals,Voluntary non-profit - Private,No,3
102968,SAMPLE HOSPITAL 2969,NE,Acute Care Hospitals,Government - Local,Yes,2
102969,SAMPLE HOSPITAL 2970,DE,Critical Access Hospitals,Voluntary non-profit - Other,Yes,4
102970,SAMPLE HOSPITAL 2971,NM,Critical Access Hospitals,Government - State,Yes,3
102971,SAMPLE HOSPITAL 2972,TN,Acute Care Hospitals,Proprietary,No,
102972,SAMPLE HOSPITAL 2973,AZ,Critical Access Hospitals,Proprietary,Yes,5
102973,SAMPLE HOSPITAL 2974,PA,Acute Care Hospitals,Physician,Yes,5
102974,SAMPLE HOSPITAL 2975,DE,Acute Care Hospitals,Voluntary non-profit - Private,Yes,2
102975,SAMPLE HOSPITAL 2976,MO,Acute Care Hospitals,Government - Local,Yes,2
102976,SAMPLE HOSPITAL 2977,OR,Critical Access Hospitals,Voluntary non-profit - Private,No,2
102977,SAMPLE HOSPITAL 2978,MI,Acute Care Hospitals,Proprietary,Yes,2
102978,SAMPLE HOSPITAL 2979,IN,Acute Care Hospitals,Government - Hospital District or Authority,Yes,
102979,SAMPLE HOSPITAL 2980,OK,Acute Care Hospitals,Proprietary,Yes,4
102981,SAMPLE HOSPITAL 2982,MI,Acute Care Hospitals,Voluntary non-profit - Private,Yes,4
102982,SAMPLE HOSPITAL 2983,CO,Acute Care Hospitals,Voluntary non-profit - Church,Yes,1
102983,SAMPLE HOSPITAL 2984,MD,Acute Care Hospitals,Government - State,No,4
102984,SAMPLE HOSPITAL 2985,NJ,Critical Access Hospitals,Proprietary,No,3
102985,SAMPLE HOSPITAL 2986,DE,Acute Care Hospitals,Voluntary non-profit - Other,No,2
102986,SAMPLE HOSPITAL 2987,HI,Acute Care Hospitals,Voluntary non-profit - Private,No,3
102987,SAMPLE HOSPITAL 2988,SC,Acute Care Hospitals,Physician,No,2
102988,SAMPLE HOSPITAL 2989,IN,Acute Care Hospitals,Voluntary non-profit - Church,No,4
102989,SAMPLE HOSPITAL 2990,NC,Acute Care Hospitals,Proprietary,Yes,4
102990,SAMPLE HOSPITAL 2991,MN,Acute Care Hospitals,Government - Local,Yes,3
102991,SAMPLE HOSPITAL 2992,NE,Acute Care Hospitals,Government - Hospital District or Authority,Yes,3
102992,SAMPLE HOSPITAL 2993,RI,Acute Care Hospitals,Voluntary non-profit - Other,Yes,4
102993,SAMPLE HOSPITAL 2994,PA,Critical Access Hospitals,Government - State,Yes,3
102994,SAMPLE HOSPITAL 2995,TN,Acute Care Hospitals,Proprietary,Yes,2
102995,SAMPLE HOSPITAL 2996,OK,Acute Care Hospitals,Voluntary non-profit - Private,No,3
102996,SAMPLE HOSPITAL 2997,MN,Acute Care Hospitals,Proprietary,Yes,5
102997,SAMPLE HOSPITAL 2998,WA,Acute Care Hospitals,Government - Hospital District or Authority,Yes,3
102998,SAMPLE HOSPITAL 2999,VT,Critical Access Hospitals,Government - Local,Yes,5
102999,SAMPLE HOSPITAL 3000,MN,Acute Care Hospitals,Government - Hospital District or Authority,Yes,2
